episode,reward
1.000000000000000000e+00,-1.264711994827162869e+02
2.000000000000000000e+00,-1.415060358848276110e+02
3.000000000000000000e+00,-1.754756904639644972e+02
4.000000000000000000e+00,-2.372435249714748977e+02
5.000000000000000000e+00,-1.828397827469879076e+02
6.000000000000000000e+00,-9.046503435194897236e+01
7.000000000000000000e+00,-6.671118204843456567e+01
8.000000000000000000e+00,-1.547722453397745710e+02
9.000000000000000000e+00,-6.737403493308001146e+01
1.000000000000000000e+01,-5.152776794346198130e+01
1.100000000000000000e+01,-6.226120228786523114e+01
1.200000000000000000e+01,-5.740226046519934755e+01
1.300000000000000000e+01,-2.556168831097481586e+01
1.400000000000000000e+01,-5.544526642933531946e+01
1.500000000000000000e+01,-5.357185468371567083e+01
1.600000000000000000e+01,-2.811897604746029344e+01
1.700000000000000000e+01,-4.867100329578158835e+01
1.800000000000000000e+01,-5.646982555393729797e+01
1.900000000000000000e+01,-5.576934390298723088e+01
2.000000000000000000e+01,-3.229299137858625812e+01
2.100000000000000000e+01,-2.662248599784395537e+02
2.200000000000000000e+01,-1.013730415190333787e+02
2.300000000000000000e+01,-2.445524214100091456e+02
2.400000000000000000e+01,-1.233426098559147590e+02
2.500000000000000000e+01,-1.699005554398401046e+02
2.600000000000000000e+01,2.535128143532789124e+01
2.700000000000000000e+01,-6.678440977987672511e+01
2.800000000000000000e+01,-1.552495458124222409e+02
2.900000000000000000e+01,-2.393487471665110604e+02
3.000000000000000000e+01,-5.998166285467821979e+01
3.100000000000000000e+01,3.356284756231038813e+01
3.200000000000000000e+01,-8.888394461319525419e+01
3.300000000000000000e+01,-2.892649794098032956e+01
3.400000000000000000e+01,-4.097997789638769461e+01
3.500000000000000000e+01,-3.971376335755607556e+01
3.600000000000000000e+01,-6.414895613414131503e+01
3.700000000000000000e+01,-1.755602782189630062e+01
3.800000000000000000e+01,2.405670996047613031e+01
3.900000000000000000e+01,-6.457596453706749173e+01
4.000000000000000000e+01,-1.893995995060427049e+02
4.100000000000000000e+01,-1.045910993590757272e+02
4.200000000000000000e+01,-1.465171333547308450e+02
4.300000000000000000e+01,-1.456255304303732601e+02
4.400000000000000000e+01,-1.112814758181314119e+02
4.500000000000000000e+01,-6.685064090794209335e+01
4.600000000000000000e+01,2.076756286387551427e+03
4.700000000000000000e+01,3.737479553221052697e+01
4.800000000000000000e+01,-1.749839811905066824e+02
4.900000000000000000e+01,2.002745149080522424e+03
5.000000000000000000e+01,-9.149849848980160516e+01
5.100000000000000000e+01,2.002740534411675526e+03
5.200000000000000000e+01,-1.033323879494001289e+02
5.300000000000000000e+01,-3.438275842054076037e+01
5.400000000000000000e+01,-3.587802615052277133e+01
5.500000000000000000e+01,-3.826039488958840451e+01
5.600000000000000000e+01,-2.733424576307363196e+01
5.700000000000000000e+01,-3.588566924880863240e+01
5.800000000000000000e+01,-4.855187727035421119e+01
5.900000000000000000e+01,-4.251921653151862301e+01
6.000000000000000000e+01,-5.993621244327836450e+01
6.100000000000000000e+01,-4.826260656185615971e+01
6.200000000000000000e+01,5.137875200226183381e+00
6.300000000000000000e+01,-1.077840923152072428e+01
6.400000000000000000e+01,-1.459771891048674490e+02
6.500000000000000000e+01,-1.744170039406321848e+01
6.600000000000000000e+01,-7.513018936360140287e+01
6.700000000000000000e+01,-8.550394213239816565e+01
6.800000000000000000e+01,-9.314147588185419124e+01
6.900000000000000000e+01,-1.553026678961306573e+02
7.000000000000000000e+01,3.989501547204223186e+01
7.100000000000000000e+01,-1.460053629430346120e+02
7.200000000000000000e+01,-1.446983927163245767e+02
7.300000000000000000e+01,-1.346633181403194079e+01
7.400000000000000000e+01,-3.939424101526104494e+01
7.500000000000000000e+01,5.366640337339930511e+00
7.600000000000000000e+01,-1.616118592078755967e+02
7.700000000000000000e+01,-1.199075711622768807e+02
7.800000000000000000e+01,-4.895757031742979848e+01
7.900000000000000000e+01,-2.789181371032641721e+01
8.000000000000000000e+01,-3.099409429115323533e+01
8.100000000000000000e+01,-6.038945005168497460e+01
8.200000000000000000e+01,3.832339340593129862e+01
8.300000000000000000e+01,1.684502938922246784e+01
8.400000000000000000e+01,1.168062988654778422e+02
8.500000000000000000e+01,7.892893700362213849e+01
8.600000000000000000e+01,-8.299208234642527771e-01
8.700000000000000000e+01,-6.462984623166548204e+00
8.800000000000000000e+01,-2.517302845388847743e+01
8.900000000000000000e+01,2.004216119397449575e+03
9.000000000000000000e+01,-2.654837285480600073e+01
9.100000000000000000e+01,-5.986111722051272466e+01
9.200000000000000000e+01,-6.697294271292068402e+01
9.300000000000000000e+01,8.579355985621319292e+01
9.400000000000000000e+01,-5.242937816747557633e+01
9.500000000000000000e+01,3.428761276096318511e+01
9.600000000000000000e+01,-7.458206772138422025e+01
9.700000000000000000e+01,-7.498798875359396732e+01
9.800000000000000000e+01,-7.323508147818533587e+01
9.900000000000000000e+01,-8.032123417800318066e+01
1.000000000000000000e+02,-7.376752889509675981e+01
1.010000000000000000e+02,-7.053048455922777293e+01
1.020000000000000000e+02,-8.470105956519554979e+01
1.030000000000000000e+02,-7.660337423047776895e+01
1.040000000000000000e+02,-7.293317438956374588e+01
1.050000000000000000e+02,6.231763219656919262e+00
1.060000000000000000e+02,-8.948411684643341246e+00
1.070000000000000000e+02,-3.289226754370388051e+01
1.080000000000000000e+02,-3.749230185195377629e+01
1.090000000000000000e+02,-6.328728207049451271e+01
1.100000000000000000e+02,-5.465940549246306546e+01
1.110000000000000000e+02,-4.508935679217960057e+01
1.120000000000000000e+02,-5.860461982502198452e+01
1.130000000000000000e+02,-4.567592800303371803e+01
1.140000000000000000e+02,-4.725048985007219926e+01
1.150000000000000000e+02,-4.477880980626193264e+01
1.160000000000000000e+02,-5.757550611973729815e+01
1.170000000000000000e+02,-4.673974324203706487e+01
1.180000000000000000e+02,-7.713940572490651348e+00
1.190000000000000000e+02,-8.025866163843275558e+00
1.200000000000000000e+02,-1.002856781375276185e+01
1.210000000000000000e+02,-5.120502155863209737e+01
1.220000000000000000e+02,1.670135163600030381e+01
1.230000000000000000e+02,-5.984229013902400141e+00
1.240000000000000000e+02,-4.411065361037047694e+01
1.250000000000000000e+02,-3.819861351964637208e+01
1.260000000000000000e+02,-1.361008704350216547e+01
1.270000000000000000e+02,-6.787709449165545550e+01
1.280000000000000000e+02,-3.638922986917048519e+01
1.290000000000000000e+02,-1.501947691139013941e+01
1.300000000000000000e+02,-6.712199555995066191e+01
1.310000000000000000e+02,-4.617103853246359790e+01
1.320000000000000000e+02,-6.329952693697859445e+01
1.330000000000000000e+02,1.189530567734372681e+02
1.340000000000000000e+02,2.025936163640115410e+03
1.350000000000000000e+02,-5.183662854160977673e+01
1.360000000000000000e+02,6.119901315346218951e+00
1.370000000000000000e+02,2.022338699033009107e+03
1.380000000000000000e+02,-2.979431517834540699e+01
1.390000000000000000e+02,-2.735295556977080267e+01
1.400000000000000000e+02,4.056440737393042895e+00
1.410000000000000000e+02,-3.975535545409644556e+01
1.420000000000000000e+02,-1.037603992090410259e+02
1.430000000000000000e+02,-2.881359455745975140e+01
1.440000000000000000e+02,5.672292159094602937e-01
1.450000000000000000e+02,3.066706808901109582e-01
1.460000000000000000e+02,2.962312728626166702e+01
1.470000000000000000e+02,3.251105876422705876e+01
1.480000000000000000e+02,-1.445135020486014525e+02
1.490000000000000000e+02,6.177492531450209157e+01
1.500000000000000000e+02,1.757726075140265110e+01
1.510000000000000000e+02,-4.875410351144945764e+01
1.520000000000000000e+02,4.175477083708703674e+01
1.530000000000000000e+02,2.060670059783089528e+03
1.540000000000000000e+02,-7.089516857889164214e+01
1.550000000000000000e+02,2.175728624226458408e-02
1.560000000000000000e+02,2.061683563639200656e+03
1.570000000000000000e+02,2.031388243973290400e+03
1.580000000000000000e+02,-1.123478763230257158e+02
1.590000000000000000e+02,2.029479298624776902e+03
1.600000000000000000e+02,-4.752927681185577313e+01
1.610000000000000000e+02,2.022901050201975067e+03
1.620000000000000000e+02,-4.830292149169872573e+01
1.630000000000000000e+02,2.061560799559832049e+03
1.640000000000000000e+02,4.751038876503722008e+01
1.650000000000000000e+02,-8.933862085159216804e+01
1.660000000000000000e+02,-2.868023169616814982e+01
1.670000000000000000e+02,-3.301078937319116591e+01
1.680000000000000000e+02,2.007689314928617478e+03
1.690000000000000000e+02,-1.719475537409109336e+02
1.700000000000000000e+02,-1.323585671014946463e+01
1.710000000000000000e+02,-4.210415551048740213e+01
1.720000000000000000e+02,2.055390635274904071e+03
1.730000000000000000e+02,1.103690199122254114e+02
1.740000000000000000e+02,1.048263737268104592e+02
1.750000000000000000e+02,1.300233443965354070e+02
1.760000000000000000e+02,2.082537791391520841e+03
1.770000000000000000e+02,1.184726785183482400e+00
1.780000000000000000e+02,-1.792351077877589773e+02
1.790000000000000000e+02,-5.967294566070980011e+01
1.800000000000000000e+02,2.773646936313659239e+01
1.810000000000000000e+02,-7.799454747192669402e+01
1.820000000000000000e+02,-2.601514426358511400e+01
1.830000000000000000e+02,-2.853617466892968579e+01
1.840000000000000000e+02,-3.900869761287978577e+01
1.850000000000000000e+02,-6.653562477148409471e+01
1.860000000000000000e+02,-3.415007112339371531e+01
1.870000000000000000e+02,1.300243307467569309e+01
1.880000000000000000e+02,-1.182690943421138741e+02
1.890000000000000000e+02,2.035467196053612497e+03
1.900000000000000000e+02,-1.087711744840657246e+02
1.910000000000000000e+02,-1.229065638937877338e+02
1.920000000000000000e+02,-1.919511731801727095e+01
1.930000000000000000e+02,-6.062780994672186807e+01
1.940000000000000000e+02,-1.300797362127979397e+02
1.950000000000000000e+02,-7.220627960685938262e+01
1.960000000000000000e+02,-1.473126926598521038e+02
1.970000000000000000e+02,-2.110484350500790640e+02
1.980000000000000000e+02,-4.076679787012058398e+01
1.990000000000000000e+02,-5.152558358390635362e+01
2.000000000000000000e+02,2.024338209072384643e+03
2.010000000000000000e+02,-9.715272940915997424e+01
2.020000000000000000e+02,1.018416020572531977e+02
2.030000000000000000e+02,9.994423652527119373e+01
2.040000000000000000e+02,-7.547369816348233940e+01
2.050000000000000000e+02,1.246343843796246489e+02
2.060000000000000000e+02,5.588076465763759160e+01
2.070000000000000000e+02,2.005160933861334797e+03
2.080000000000000000e+02,-1.746767816043444554e+00
2.090000000000000000e+02,2.057839269607045026e+03
2.100000000000000000e+02,-1.571817433047255577e+02
2.110000000000000000e+02,-2.076217656379722030e+02
2.120000000000000000e+02,-1.962743569630076124e+01
2.130000000000000000e+02,2.007127696238718045e+03
2.140000000000000000e+02,-6.862815551601333652e+01
2.150000000000000000e+02,2.071140899667595022e+03
2.160000000000000000e+02,-2.633853256633309456e+02
2.170000000000000000e+02,-9.629534950281752970e+01
2.180000000000000000e+02,-1.358690493917200968e+02
2.190000000000000000e+02,9.506989044310307335e+00
2.200000000000000000e+02,-3.151654513576042760e+01
2.210000000000000000e+02,5.073837471144419453e+01
2.220000000000000000e+02,-9.932331665293182255e+01
2.230000000000000000e+02,2.004537171161307469e+03
2.240000000000000000e+02,-5.478498470806057696e+01
2.250000000000000000e+02,-6.739622210401746827e+01
2.260000000000000000e+02,2.039096153221474879e+03
2.270000000000000000e+02,-2.366470687258754069e+01
2.280000000000000000e+02,-1.745026310799646296e+02
2.290000000000000000e+02,-6.907211391153559532e+01
2.300000000000000000e+02,2.009711687251780404e+03
2.310000000000000000e+02,-7.335573735210262214e+01
2.320000000000000000e+02,5.841934651266080891e+01
2.330000000000000000e+02,2.018945210807747571e+03
2.340000000000000000e+02,2.050906898802967135e+03
2.350000000000000000e+02,2.043003035605096784e+03
2.360000000000000000e+02,-2.584120511179158939e+02
2.370000000000000000e+02,9.646271099371857360e+01
2.380000000000000000e+02,1.169569114331282691e+02
2.390000000000000000e+02,1.956213209047078294e+00
2.400000000000000000e+02,1.145124745105846813e+02
2.410000000000000000e+02,-1.238243322518477498e+02
2.420000000000000000e+02,2.009078267550241208e+03
2.430000000000000000e+02,-8.821684457092186449e+01
2.440000000000000000e+02,1.102410093511195726e+02
2.450000000000000000e+02,-5.017292788819894866e+01
2.460000000000000000e+02,2.038819443560972786e+03
2.470000000000000000e+02,-1.248261874957178179e+02
2.480000000000000000e+02,3.997076169369695453e+00
2.490000000000000000e+02,8.658028276999613126e+01
2.500000000000000000e+02,1.107878837553777203e+02
2.510000000000000000e+02,2.037431523009622879e+03
2.520000000000000000e+02,-3.175985566807472438e+01
2.530000000000000000e+02,-1.962801095369060889e+01
2.540000000000000000e+02,2.033473329108298003e+03
2.550000000000000000e+02,8.680183539051499508e+01
2.560000000000000000e+02,8.774988135605507011e+01
2.570000000000000000e+02,6.243546208690478494e+00
2.580000000000000000e+02,1.039568305716453409e+02
2.590000000000000000e+02,2.026174092265089712e+03
2.600000000000000000e+02,8.564875917011180206e+01
2.610000000000000000e+02,2.052234625374716416e+03
2.620000000000000000e+02,2.053345588639229845e+03
2.630000000000000000e+02,-1.461217274142045852e+01
2.640000000000000000e+02,2.007703940292932430e+03
2.650000000000000000e+02,1.222727190145526350e+02
2.660000000000000000e+02,1.289396966093598564e+02
2.670000000000000000e+02,1.134457421733830671e+02
2.680000000000000000e+02,1.004743479360007967e+02
2.690000000000000000e+02,-1.102719434909447926e+01
2.700000000000000000e+02,2.024536267694202479e+03
2.710000000000000000e+02,9.695468836505830268e+01
2.720000000000000000e+02,3.960483961314070456e+01
2.730000000000000000e+02,7.406811255700760910e+01
2.740000000000000000e+02,-7.186176195929172650e+01
2.750000000000000000e+02,2.016935761941890632e+03
2.760000000000000000e+02,2.001782716139169452e+03
2.770000000000000000e+02,-2.807948357979864795e+01
2.780000000000000000e+02,1.819809209387366167e+01
2.790000000000000000e+02,-1.556578747585707845e+02
2.800000000000000000e+02,-2.465324094252215730e+02
2.810000000000000000e+02,-3.446748607633577421e+01
2.820000000000000000e+02,-8.738085318300281301e+01
2.830000000000000000e+02,-7.861577782282740401e+00
2.840000000000000000e+02,-8.547565013326889982e+01
2.850000000000000000e+02,-6.483275388411986739e+01
2.860000000000000000e+02,4.178153989663613288e+00
2.870000000000000000e+02,-1.168652518569806809e+01
2.880000000000000000e+02,-7.262903003771445754e+01
2.890000000000000000e+02,-2.883592375435829780e+01
2.900000000000000000e+02,-3.091388619455062781e+01
2.910000000000000000e+02,-1.139771196317014699e+02
2.920000000000000000e+02,-8.148102273879204915e+01
2.930000000000000000e+02,-2.309410428193547205e+01
2.940000000000000000e+02,-2.207542996141187643e+02
2.950000000000000000e+02,2.065409991184144928e+03
2.960000000000000000e+02,1.001035934186821521e+02
2.970000000000000000e+02,-4.368277364347353853e+01
2.980000000000000000e+02,6.476217058839495166e-03
2.990000000000000000e+02,-2.758476474826245450e+01
3.000000000000000000e+02,2.640799279850056536e+01
3.010000000000000000e+02,6.486807147792251271e+01
3.020000000000000000e+02,-9.338450778403472441e+01
3.030000000000000000e+02,-8.900144588654747224e+01
3.040000000000000000e+02,4.088002063584273316e+00
3.050000000000000000e+02,2.037111424025827546e+03
3.060000000000000000e+02,-7.724507985915172981e+01
3.070000000000000000e+02,-6.290774143484750880e+01
3.080000000000000000e+02,-4.367292772671655854e+01
3.090000000000000000e+02,-7.757407092271652971e+01
3.100000000000000000e+02,2.384372569462842151e+01
3.110000000000000000e+02,1.044961780862335132e+01
3.120000000000000000e+02,4.940134233516886297e+01
3.130000000000000000e+02,2.102084514163287622e+03
3.140000000000000000e+02,-2.162159845075295834e+02
3.150000000000000000e+02,4.263436063218158267e+01
3.160000000000000000e+02,-9.168280748561424787e+01
3.170000000000000000e+02,-1.000905386187479706e+02
3.180000000000000000e+02,-7.442634565091709931e+01
3.190000000000000000e+02,2.019903661783677080e+03
3.200000000000000000e+02,-4.497359157439383637e+00
3.210000000000000000e+02,-7.595945090552028489e+01
3.220000000000000000e+02,1.139078866163420685e+02
3.230000000000000000e+02,-8.455302345161130972e+01
3.240000000000000000e+02,6.584976659037681657e+01
3.250000000000000000e+02,2.040236968787042997e+03
3.260000000000000000e+02,-4.282801608514162695e+00
3.270000000000000000e+02,-4.368317058392862862e+01
3.280000000000000000e+02,1.303986138752768795e+02
3.290000000000000000e+02,-5.996960138623536274e+00
3.300000000000000000e+02,-9.729040667862033587e+00
3.310000000000000000e+02,-8.754515254153140802e+01
3.320000000000000000e+02,-2.971096101929888178e+01
3.330000000000000000e+02,-2.629343931303830573e+01
3.340000000000000000e+02,-3.924364012197641216e+01
3.350000000000000000e+02,-3.372243529230775039e+01
3.360000000000000000e+02,5.110031305184396189e+00
3.370000000000000000e+02,-7.457485419325959697e+01
3.380000000000000000e+02,-1.050277812346453459e+02
3.390000000000000000e+02,-9.138291465393467661e+01
3.400000000000000000e+02,6.414680525185508486e+01
3.410000000000000000e+02,-1.656554349818512506e+01
3.420000000000000000e+02,-4.176902923579321225e+01
3.430000000000000000e+02,-1.144657868578035931e+02
3.440000000000000000e+02,4.160077189798961683e+01
3.450000000000000000e+02,-2.235515256202867818e+01
3.460000000000000000e+02,3.138897471664345673e+01
3.470000000000000000e+02,-1.925997814316833967e+02
3.480000000000000000e+02,-1.291008247938688953e+02
3.490000000000000000e+02,-1.292512562084226886e+02
3.500000000000000000e+02,2.050249161732616813e+03
3.510000000000000000e+02,2.036590480643008277e+03
3.520000000000000000e+02,7.913621115199974554e+01
3.530000000000000000e+02,1.599286109088051244e+00
3.540000000000000000e+02,2.058271317299947441e+03
3.550000000000000000e+02,9.486189290210469949e+01
3.560000000000000000e+02,1.743260121539547924e+01
3.570000000000000000e+02,2.102465400738993139e+03
3.580000000000000000e+02,7.329685544579059808e+01
3.590000000000000000e+02,2.022780840028174907e+03
3.600000000000000000e+02,2.051844580555521134e+03
3.610000000000000000e+02,3.960328475449684049e+01
3.620000000000000000e+02,-1.421850436228906744e+01
3.630000000000000000e+02,4.316510007122195702e+01
3.640000000000000000e+02,9.452987004319822972e+01
3.650000000000000000e+02,8.707349304298014658e+01
3.660000000000000000e+02,2.065387666694961808e+03
3.670000000000000000e+02,2.067411078081311643e+03
3.680000000000000000e+02,9.639868867363426830e+01
3.690000000000000000e+02,2.038027880811835303e+03
3.700000000000000000e+02,-2.820312119276486840e-01
3.710000000000000000e+02,2.021895047452004292e+03
3.720000000000000000e+02,2.029915154668641435e+03
3.730000000000000000e+02,-2.423646042888660368e+00
3.740000000000000000e+02,9.378726041284473069e+01
3.750000000000000000e+02,-2.251029165450608716e+01
3.760000000000000000e+02,-3.546563585797049001e+01
3.770000000000000000e+02,-2.190665548848549520e+02
3.780000000000000000e+02,2.027418263426837939e+03
3.790000000000000000e+02,-7.844925742293062854e+01
3.800000000000000000e+02,2.041082686988770092e+03
3.810000000000000000e+02,1.012223850335539055e+02
3.820000000000000000e+02,-6.942561466424587024e+01
3.830000000000000000e+02,2.088239513688051375e+03
3.840000000000000000e+02,2.075852022871789814e+03
3.850000000000000000e+02,-2.731552022738692465e+00
3.860000000000000000e+02,2.059367131699319089e+03
3.870000000000000000e+02,2.045753977377184128e+03
3.880000000000000000e+02,-2.795289056642371506e+01
3.890000000000000000e+02,2.024034194261836774e+03
3.900000000000000000e+02,4.671312904323866633e+01
3.910000000000000000e+02,9.708504702456677649e+01
3.920000000000000000e+02,-1.006979318900907856e+02
3.930000000000000000e+02,8.705366373699399674e+01
3.940000000000000000e+02,3.970087010384929727e+01
3.950000000000000000e+02,6.608350465649928651e+01
3.960000000000000000e+02,9.105641563778125658e+01
3.970000000000000000e+02,1.308531717245751480e+01
3.980000000000000000e+02,-5.562227001248912117e+00
3.990000000000000000e+02,3.621860761294831121e+01
4.000000000000000000e+02,5.109409093094885179e+01
4.010000000000000000e+02,1.918405444734202092e+01
4.020000000000000000e+02,1.202911020389544028e+01
4.030000000000000000e+02,-9.894100259007186082e+01
4.040000000000000000e+02,-5.938884156448739304e+01
4.050000000000000000e+02,3.588608323805561895e+01
4.060000000000000000e+02,-5.229968919292957708e+01
4.070000000000000000e+02,-5.946779249236536913e+01
4.080000000000000000e+02,1.296864832912529586e+01
4.090000000000000000e+02,1.067463437943590776e+01
4.100000000000000000e+02,2.029799395881584815e+03
4.110000000000000000e+02,-9.710241679057806152e+01
4.120000000000000000e+02,-6.945177640627665028e+01
4.130000000000000000e+02,6.833644860118454289e+01
4.140000000000000000e+02,2.116969994819624290e+01
4.150000000000000000e+02,-5.990415316359952413e+01
4.160000000000000000e+02,2.025493771037245097e+03
4.170000000000000000e+02,8.228139138427633270e+01
4.180000000000000000e+02,8.160947967370803724e+01
4.190000000000000000e+02,2.022536447958035069e+03
4.200000000000000000e+02,2.010888551102438214e+03
4.210000000000000000e+02,2.013969573080770033e+03
4.220000000000000000e+02,2.013861915671084034e+03
4.230000000000000000e+02,2.033958206226683842e+03
4.240000000000000000e+02,7.088954358660195965e+01
4.250000000000000000e+02,1.033579783897171041e+02
4.260000000000000000e+02,2.023701846490744174e+03
4.270000000000000000e+02,2.007378566897031533e+03
4.280000000000000000e+02,2.012108272507676247e+03
4.290000000000000000e+02,2.021383642006422633e+03
4.300000000000000000e+02,2.042312839092173590e+03
4.310000000000000000e+02,2.065555742126943187e+03
4.320000000000000000e+02,2.021366721704055635e+03
4.330000000000000000e+02,2.028431287494892786e+03
4.340000000000000000e+02,-1.630421288428838409e+02
4.350000000000000000e+02,4.867315464487768750e+00
4.360000000000000000e+02,2.021445950971117327e+03
4.370000000000000000e+02,1.762445567907060351e+01
4.380000000000000000e+02,-1.692796262771324223e+00
4.390000000000000000e+02,2.072667890612907740e+03
4.400000000000000000e+02,2.031868192961782142e+03
4.410000000000000000e+02,1.000565538543699518e+02
4.420000000000000000e+02,1.180699699803551539e+02
4.430000000000000000e+02,3.851941908308099727e+01
4.440000000000000000e+02,-7.591599853707985801e+01
4.450000000000000000e+02,2.042532278504057558e+03
4.460000000000000000e+02,1.042986554399937091e+02
4.470000000000000000e+02,4.167870220925374980e+01
4.480000000000000000e+02,2.002624054718219213e+03
4.490000000000000000e+02,1.480326328867371188e+01
4.500000000000000000e+02,8.206669501200545369e+01
4.510000000000000000e+02,2.030897448255008612e+03
4.520000000000000000e+02,-4.380449572673407843e+00
4.530000000000000000e+02,1.962680610600096287e+01
4.540000000000000000e+02,2.297798553433289115e+01
4.550000000000000000e+02,2.011971924503646733e+03
4.560000000000000000e+02,2.032977274723351002e+03
4.570000000000000000e+02,-7.394494771661999266e+01
4.580000000000000000e+02,3.192421543948990248e+01
4.590000000000000000e+02,2.009810521043464860e+03
4.600000000000000000e+02,-5.371965672027967287e+01
4.610000000000000000e+02,-6.474836025219829594e+01
4.620000000000000000e+02,-2.365567208173478519e+01
4.630000000000000000e+02,2.013683310308496402e+03
4.640000000000000000e+02,-7.162184866040138331e+01
4.650000000000000000e+02,-6.211786296949699704e+01
4.660000000000000000e+02,-3.623231776981772612e+01
4.670000000000000000e+02,2.045985836626904074e+03
4.680000000000000000e+02,-7.114103506254942033e+01
4.690000000000000000e+02,-6.005917451625141723e+01
4.700000000000000000e+02,-8.302476112505316053e+01
4.710000000000000000e+02,-4.736614273914230466e+01
4.720000000000000000e+02,-5.685801301691770959e+01
4.730000000000000000e+02,-3.414699679138239219e+01
4.740000000000000000e+02,-1.053650222760331268e+01
4.750000000000000000e+02,-2.276842864756699925e+01
4.760000000000000000e+02,-1.988954725873162133e+01
4.770000000000000000e+02,-1.598183006005828588e+01
4.780000000000000000e+02,-8.910607283228691244e+01
4.790000000000000000e+02,-5.793311404893910321e+01
4.800000000000000000e+02,-1.343638974809777267e+02
4.810000000000000000e+02,3.775271533256595546e+01
4.820000000000000000e+02,2.006275215144698905e+03
4.830000000000000000e+02,-5.104514361041775317e+01
4.840000000000000000e+02,2.051112014464915319e+03
4.850000000000000000e+02,2.045234174058974077e+03
4.860000000000000000e+02,7.847132791559573661e+01
4.870000000000000000e+02,-6.468893555346195967e+01
4.880000000000000000e+02,7.503766370095600280e+01
4.890000000000000000e+02,2.023472250070897417e+03
4.900000000000000000e+02,2.024162372481423517e+03
4.910000000000000000e+02,-8.614795415641552268e+01
4.920000000000000000e+02,1.990581140019398617e+03
4.930000000000000000e+02,2.010480140137571652e+03
4.940000000000000000e+02,3.828899797420037743e+01
4.950000000000000000e+02,2.016573255280088006e+03
4.960000000000000000e+02,-1.943175378830375166e-02
4.970000000000000000e+02,1.923336675605352042e+01
4.980000000000000000e+02,-7.021898609324432528e+01
4.990000000000000000e+02,5.816297924684523935e+01
5.000000000000000000e+02,-1.326819178716145409e+01
5.010000000000000000e+02,2.007200592989453298e+03
5.020000000000000000e+02,2.017106114132334142e+03
5.030000000000000000e+02,3.243045448244081541e+01
5.040000000000000000e+02,2.003046254182081839e+03
5.050000000000000000e+02,2.031873972776405026e+03
5.060000000000000000e+02,2.037558139705024360e+03
5.070000000000000000e+02,-7.934256751895730986e+01
5.080000000000000000e+02,-7.060646936562017117e+01
5.090000000000000000e+02,2.017419973491581914e+03
5.100000000000000000e+02,4.858690487654791923e+01
5.110000000000000000e+02,1.377424208464101874e+01
5.120000000000000000e+02,4.608869593562579325e+01
5.130000000000000000e+02,3.745787646986293851e-01
5.140000000000000000e+02,2.014833589320858891e+03
5.150000000000000000e+02,2.014824810427779539e+03
5.160000000000000000e+02,3.312941521106221643e+01
5.170000000000000000e+02,6.248619727505300148e-01
5.180000000000000000e+02,2.016014221121180299e+03
5.190000000000000000e+02,2.065010902758541761e+03
5.200000000000000000e+02,2.010276659067715855e+03
5.210000000000000000e+02,1.997545420432142691e+03
5.220000000000000000e+02,2.004345384700595559e+03
5.230000000000000000e+02,2.060356958475040756e+03
5.240000000000000000e+02,2.245243716635240361e+01
5.250000000000000000e+02,2.030020071006441412e+03
5.260000000000000000e+02,2.017713932468758003e+03
5.270000000000000000e+02,-8.671884073138890869e+01
5.280000000000000000e+02,1.987436498986199695e+03
5.290000000000000000e+02,2.049577935194739439e+03
5.300000000000000000e+02,2.017559215514993866e+03
5.310000000000000000e+02,1.982194340503261174e+03
5.320000000000000000e+02,-6.364616161293575658e+01
5.330000000000000000e+02,2.011503311327918937e+03
5.340000000000000000e+02,2.006964365586465419e+03
5.350000000000000000e+02,-7.243139329087891554e+01
5.360000000000000000e+02,2.008721033478046820e+03
5.370000000000000000e+02,2.003356961690430126e+03
5.380000000000000000e+02,-9.587371625994578039e+01
5.390000000000000000e+02,2.006021834582817291e+03
5.400000000000000000e+02,2.005946907537946345e+03
5.410000000000000000e+02,-7.636551502082920706e+01
5.420000000000000000e+02,2.085454375887524748e+03
5.430000000000000000e+02,2.035634476592023248e+03
5.440000000000000000e+02,2.072520226511953297e+03
5.450000000000000000e+02,-8.266843738858423762e+01
5.460000000000000000e+02,5.916407391142695360e+01
5.470000000000000000e+02,2.018407039989000623e+03
5.480000000000000000e+02,2.009015970979103713e+03
5.490000000000000000e+02,2.006301601834139092e+03
5.500000000000000000e+02,4.104794894543758232e+01
5.510000000000000000e+02,-7.211808963482702950e+01
5.520000000000000000e+02,-3.746119736567085567e+01
5.530000000000000000e+02,2.021520714874618989e+03
5.540000000000000000e+02,-3.551633792822016744e+01
5.550000000000000000e+02,2.021198584309325270e+03
5.560000000000000000e+02,2.025926831039823128e+03
5.570000000000000000e+02,-7.974438880692358111e+01
5.580000000000000000e+02,2.745035022113590273e+01
5.590000000000000000e+02,2.003696544050774037e+03
5.600000000000000000e+02,2.004564657492402830e+03
5.610000000000000000e+02,2.023891239356061988e+03
5.620000000000000000e+02,2.004415842552900585e+03
5.630000000000000000e+02,2.003472120839685886e+03
5.640000000000000000e+02,2.046445702952496276e+03
5.650000000000000000e+02,2.004887754466837578e+03
5.660000000000000000e+02,2.043537865291713615e+03
5.670000000000000000e+02,8.821896379139413114e+01
5.680000000000000000e+02,-5.885001385059679535e+01
5.690000000000000000e+02,-2.424514723421411944e+01
5.700000000000000000e+02,-4.356882345271384338e+01
5.710000000000000000e+02,2.004086204484255404e+03
5.720000000000000000e+02,2.031152051169357264e+03
5.730000000000000000e+02,5.083127024021339224e+01
5.740000000000000000e+02,2.030416732354676469e+03
5.750000000000000000e+02,2.002348365714800366e+03
5.760000000000000000e+02,2.003069224133402031e+03
5.770000000000000000e+02,-4.173320733955192452e+01
5.780000000000000000e+02,2.019070467446505290e+03
5.790000000000000000e+02,2.029809572137126224e+03
5.800000000000000000e+02,3.270212489369477282e+00
5.810000000000000000e+02,2.004080274713744984e+03
5.820000000000000000e+02,1.998464985688452998e+03
5.830000000000000000e+02,2.055702530518396998e+03
5.840000000000000000e+02,2.004142893939556188e+03
5.850000000000000000e+02,-1.023450902964160036e+02
5.860000000000000000e+02,-8.080635611915927541e+01
5.870000000000000000e+02,2.005797074256511678e+03
5.880000000000000000e+02,2.008625409383147144e+03
5.890000000000000000e+02,7.550350199655679262e+01
5.900000000000000000e+02,2.003696676704371157e+03
5.910000000000000000e+02,2.010607640348582436e+03
5.920000000000000000e+02,-8.440785185936037749e+01
5.930000000000000000e+02,2.013366939869232738e+03
5.940000000000000000e+02,2.005206389406042490e+03
5.950000000000000000e+02,2.005753391800898271e+03
5.960000000000000000e+02,-8.155741092572263540e+01
5.970000000000000000e+02,2.009166978341086178e+03
5.980000000000000000e+02,2.002791147218943252e+03
5.990000000000000000e+02,2.007711120835026122e+03
6.000000000000000000e+02,2.015570859859951042e+03
6.010000000000000000e+02,-6.687071730175367179e+01
6.020000000000000000e+02,2.008983372294112996e+03
6.030000000000000000e+02,2.014637277142312769e+03
6.040000000000000000e+02,2.008861387291183974e+03
6.050000000000000000e+02,2.070260370493711889e+03
6.060000000000000000e+02,2.031796129809456033e+03
6.070000000000000000e+02,2.005065816161562452e+03
6.080000000000000000e+02,2.006760063333095331e+03
6.090000000000000000e+02,2.005786798780622121e+03
6.100000000000000000e+02,9.551344072440688393e-01
6.110000000000000000e+02,2.009199691251185186e+03
6.120000000000000000e+02,2.007806010260011817e+03
6.130000000000000000e+02,2.021608900889568531e+03
6.140000000000000000e+02,-8.198185478738194831e+01
6.150000000000000000e+02,-9.011298310305767245e+01
6.160000000000000000e+02,2.001689596425739182e+03
6.170000000000000000e+02,2.020975018349667607e+03
6.180000000000000000e+02,2.002964023067389007e+03
6.190000000000000000e+02,2.008018009847666235e+03
6.200000000000000000e+02,2.005694806426190780e+03
6.210000000000000000e+02,2.006417187028574745e+03
6.220000000000000000e+02,2.000776631790969304e+03
6.230000000000000000e+02,-7.041499486792184825e+01
6.240000000000000000e+02,2.038658879087114428e+03
6.250000000000000000e+02,2.013392572112197058e+03
6.260000000000000000e+02,2.001706286731120144e+03
6.270000000000000000e+02,2.001694588485115446e+03
6.280000000000000000e+02,2.006470051007962411e+03
6.290000000000000000e+02,-1.382272471607580258e+02
6.300000000000000000e+02,2.003774543666027057e+03
6.310000000000000000e+02,2.005751002158529673e+03
6.320000000000000000e+02,2.022045931537161096e+03
6.330000000000000000e+02,2.013031257226929256e+03
6.340000000000000000e+02,2.038891440010670067e+03
6.350000000000000000e+02,2.005393242378009290e+03
6.360000000000000000e+02,2.005259925103163596e+03
6.370000000000000000e+02,2.722510983410004570e+01
6.380000000000000000e+02,2.004946298856285466e+03
6.390000000000000000e+02,-4.898698270888371553e+01
6.400000000000000000e+02,2.001481325140935724e+03
6.410000000000000000e+02,2.007878552894633685e+03
6.420000000000000000e+02,2.008542112960492886e+03
6.430000000000000000e+02,2.032932637890554588e+03
6.440000000000000000e+02,2.008408229404240046e+03
6.450000000000000000e+02,2.005852277612676062e+03
6.460000000000000000e+02,2.012990764851272615e+03
6.470000000000000000e+02,-6.653963033896873469e+01
6.480000000000000000e+02,2.012383413758790994e+03
6.490000000000000000e+02,-8.662557671279950000e+01
6.500000000000000000e+02,2.005103615030427591e+03
6.510000000000000000e+02,2.004078322547965399e+03
6.520000000000000000e+02,2.030522769858548827e+03
6.530000000000000000e+02,2.026123427607858957e+03
6.540000000000000000e+02,-7.454844646173256706e+01
6.550000000000000000e+02,1.997997418614740582e+03
6.560000000000000000e+02,2.008598034623603553e+03
6.570000000000000000e+02,2.878209943261308368e+01
6.580000000000000000e+02,-3.387208645777759486e+00
6.590000000000000000e+02,2.001598211141492357e+03
6.600000000000000000e+02,2.016803632305571909e+03
6.610000000000000000e+02,2.032385296025768412e+03
6.620000000000000000e+02,2.365085001363593520e+01
6.630000000000000000e+02,2.002762201099853201e+03
6.640000000000000000e+02,-6.958804759472351975e+01
6.650000000000000000e+02,2.015282910247265363e+03
6.660000000000000000e+02,2.027686828505316271e+03
6.670000000000000000e+02,2.013471142519736532e+03
6.680000000000000000e+02,2.003607678958020188e+03
6.690000000000000000e+02,1.995332938741477619e+03
6.700000000000000000e+02,2.030856844284244971e+03
6.710000000000000000e+02,2.020923719479565307e+03
6.720000000000000000e+02,2.024676705616154777e+03
6.730000000000000000e+02,2.013423617474046978e+03
6.740000000000000000e+02,2.003215580043255159e+03
6.750000000000000000e+02,2.011858621099034508e+03
6.760000000000000000e+02,2.011693943591709740e+03
6.770000000000000000e+02,2.009173443642423990e+03
6.780000000000000000e+02,2.003378744990424593e+03
6.790000000000000000e+02,2.031918788063253714e+03
6.800000000000000000e+02,2.021988571776952540e+03
6.810000000000000000e+02,9.198671160757656651e+01
6.820000000000000000e+02,2.026816252566040021e+03
6.830000000000000000e+02,2.026901966187880078e+01
6.840000000000000000e+02,-7.826712455890810816e+01
6.850000000000000000e+02,-3.878912286784326113e+01
6.860000000000000000e+02,2.026407560273703666e+03
6.870000000000000000e+02,2.020438922720805067e+03
6.880000000000000000e+02,2.036105081932024405e+03
6.890000000000000000e+02,2.056792767370044203e+03
6.900000000000000000e+02,9.343195096035806557e+01
6.910000000000000000e+02,5.833518392161712995e+01
6.920000000000000000e+02,2.008606998607341211e+03
6.930000000000000000e+02,2.021101672287308247e+03
6.940000000000000000e+02,2.017562599209241398e+03
6.950000000000000000e+02,2.009627382388523529e+03
6.960000000000000000e+02,2.007827106577144605e+03
6.970000000000000000e+02,2.008489849130301991e+03
6.980000000000000000e+02,2.002420325827933539e+03
6.990000000000000000e+02,2.009545409510227501e+03
7.000000000000000000e+02,2.046157275481680244e+03
7.010000000000000000e+02,2.004681363232136391e+03
7.020000000000000000e+02,7.861601056114724884e+01
7.030000000000000000e+02,2.052787390437294562e+03
7.040000000000000000e+02,2.049832417053716199e+03
7.050000000000000000e+02,-2.862718309193527766e+00
7.060000000000000000e+02,8.597886730905551644e+01
7.070000000000000000e+02,4.299382591193968040e+01
7.080000000000000000e+02,-1.796118074591410263e+01
7.090000000000000000e+02,2.002796610452067625e+03
7.100000000000000000e+02,2.023516877357928252e+03
7.110000000000000000e+02,2.016628648523179436e+03
7.120000000000000000e+02,2.011645989198916368e+03
7.130000000000000000e+02,2.003562319555472186e+03
7.140000000000000000e+02,2.011711748362302160e+03
7.150000000000000000e+02,-7.570391289087433506e+01
7.160000000000000000e+02,2.005287331517304665e+03
7.170000000000000000e+02,2.031725570558074878e+01
7.180000000000000000e+02,2.032520796483990125e+03
7.190000000000000000e+02,2.007043473315366100e+03
7.200000000000000000e+02,2.010497222795064545e+03
7.210000000000000000e+02,2.015214896605948070e+03
7.220000000000000000e+02,2.011988077132470607e+03
7.230000000000000000e+02,2.009098896784459157e+03
7.240000000000000000e+02,2.028764100359395570e+03
7.250000000000000000e+02,2.009024230270461203e+03
7.260000000000000000e+02,2.007956875117494747e+03
7.270000000000000000e+02,2.015812072147596155e+03
7.280000000000000000e+02,2.011512092688073608e+03
7.290000000000000000e+02,2.011190129398392628e+03
7.300000000000000000e+02,2.018543558490853457e+03
7.310000000000000000e+02,2.009255460538907300e+03
7.320000000000000000e+02,2.012343440454365236e+03
7.330000000000000000e+02,9.975329725127633651e+01
7.340000000000000000e+02,2.003437659503319082e+03
7.350000000000000000e+02,2.008064887806081742e+03
7.360000000000000000e+02,2.017415289812241099e+03
7.370000000000000000e+02,2.012031035745696045e+03
7.380000000000000000e+02,2.006613583698924231e+03
7.390000000000000000e+02,1.999311180031884305e+03
7.400000000000000000e+02,2.010210503141075151e+03
7.410000000000000000e+02,1.968239737864136941e+03
7.420000000000000000e+02,2.011733848774370017e+03
7.430000000000000000e+02,2.006740438185128369e+03
7.440000000000000000e+02,2.009622334779513267e+03
7.450000000000000000e+02,2.013197753640338078e+03
7.460000000000000000e+02,2.011082356570534557e+03
7.470000000000000000e+02,2.003796935464672515e+03
7.480000000000000000e+02,2.016341206233003732e+03
7.490000000000000000e+02,2.010790771418904797e+03
7.500000000000000000e+02,-8.734217668005546997e+00
7.510000000000000000e+02,-7.291643989750629373e+01
7.520000000000000000e+02,-6.253411142284515734e+01
7.530000000000000000e+02,2.012281488480073676e+03
7.540000000000000000e+02,7.272679274024680396e+00
7.550000000000000000e+02,2.011345012557685095e+03
7.560000000000000000e+02,-3.730940312813793014e-01
7.570000000000000000e+02,2.005802011337915246e+03
7.580000000000000000e+02,2.004476000773075384e+03
7.590000000000000000e+02,2.009229376239286466e+03
7.600000000000000000e+02,1.004709957421666466e+01
7.610000000000000000e+02,-6.626418947329121067e+01
7.620000000000000000e+02,2.028259561965269768e+03
7.630000000000000000e+02,2.017498120335337035e+03
7.640000000000000000e+02,2.013125421341908805e+03
7.650000000000000000e+02,-7.878003389431110293e+01
7.660000000000000000e+02,2.023447759391063983e+03
7.670000000000000000e+02,2.005515763319150892e+03
7.680000000000000000e+02,1.999659855941808473e+03
7.690000000000000000e+02,-6.708860664077438685e+01
7.700000000000000000e+02,-3.672150487484254988e+00
7.710000000000000000e+02,2.006349225586385728e+03
7.720000000000000000e+02,2.003071539582794685e+03
7.730000000000000000e+02,-9.724843884300112506e+01
7.740000000000000000e+02,2.005532496925275382e+03
7.750000000000000000e+02,1.990387709270650703e+03
7.760000000000000000e+02,2.009897371599515282e+03
7.770000000000000000e+02,1.996019290503141747e+03
7.780000000000000000e+02,2.007392697629445365e+03
7.790000000000000000e+02,2.003823400999062414e+03
7.800000000000000000e+02,-8.996128859871299710e+01
7.810000000000000000e+02,2.004151969382398420e+03
7.820000000000000000e+02,2.013000445711090379e+03
7.830000000000000000e+02,5.277905959531157976e+01
7.840000000000000000e+02,2.023975337812096541e+03
7.850000000000000000e+02,2.029834811361617085e+03
7.860000000000000000e+02,2.011043211449969021e+03
7.870000000000000000e+02,2.628408224619068534e+00
7.880000000000000000e+02,2.006463007732758570e+03
7.890000000000000000e+02,-3.334244734877160710e+01
7.900000000000000000e+02,2.658554378116823003e+01
7.910000000000000000e+02,-9.864254998404304331e+01
7.920000000000000000e+02,-8.054787726972936923e+01
7.930000000000000000e+02,2.241970158734235241e+01
7.940000000000000000e+02,2.039808054368408875e+03
7.950000000000000000e+02,1.984903445009872030e+03
7.960000000000000000e+02,2.009110284612482019e+03
7.970000000000000000e+02,2.039842183133577009e+03
7.980000000000000000e+02,-1.599611305524389593e+01
7.990000000000000000e+02,2.017512681048538070e+03
8.000000000000000000e+02,3.523446591614278134e+01
8.010000000000000000e+02,2.021908254473143188e+03
8.020000000000000000e+02,2.028610044020266059e+03
8.030000000000000000e+02,2.015117783372707436e+03
8.040000000000000000e+02,2.020016194551143599e+03
8.050000000000000000e+02,-2.848458944097690448e+01
8.060000000000000000e+02,-8.341950637520896805e+01
8.070000000000000000e+02,4.122608409995683587e+01
8.080000000000000000e+02,2.026222015719602496e+03
8.090000000000000000e+02,2.076000664961065468e+03
8.100000000000000000e+02,4.106186892896091933e+01
8.110000000000000000e+02,2.067502223515055448e+03
8.120000000000000000e+02,1.621079396595384381e+01
8.130000000000000000e+02,1.213084777049089524e+02
8.140000000000000000e+02,1.146836287754777857e+02
8.150000000000000000e+02,-5.700029960497906245e+01
8.160000000000000000e+02,1.767305112370763354e+01
8.170000000000000000e+02,2.008709778617865140e+03
8.180000000000000000e+02,1.995885218832077257e+00
8.190000000000000000e+02,2.008352917733270260e+03
8.200000000000000000e+02,2.008536099566352959e+03
8.210000000000000000e+02,2.002866831417393541e+03
8.220000000000000000e+02,1.998707973108414762e+03
8.230000000000000000e+02,-5.114002753645330301e-01
8.240000000000000000e+02,-5.608504777053187240e+01
8.250000000000000000e+02,-3.252536127799039889e+00
8.260000000000000000e+02,-5.664961524346507815e+01
8.270000000000000000e+02,-4.928058244647422725e+01
8.280000000000000000e+02,-6.362576966007010526e+01
8.290000000000000000e+02,-5.412495424057780724e+01
8.300000000000000000e+02,2.003952197056453997e+03
8.310000000000000000e+02,-5.864670062871513778e+01
8.320000000000000000e+02,2.006597852881003519e+03
8.330000000000000000e+02,-4.316686218175404122e+01
8.340000000000000000e+02,1.992408090167239607e+03
8.350000000000000000e+02,-5.514185236737493767e+01
8.360000000000000000e+02,-1.428861649985339568e+02
8.370000000000000000e+02,2.019135530594130614e+03
8.380000000000000000e+02,2.018324200407762646e+03
8.390000000000000000e+02,2.006551339267009098e+03
8.400000000000000000e+02,2.009068054462828513e+03
8.410000000000000000e+02,2.013483499266531680e+03
8.420000000000000000e+02,2.018641604968563570e+03
8.430000000000000000e+02,-8.887940518600835560e+01
8.440000000000000000e+02,2.008433095853853274e+03
8.450000000000000000e+02,2.008490232877118160e+03
8.460000000000000000e+02,2.002945583054899771e+03
8.470000000000000000e+02,-7.137812861149689603e+00
8.480000000000000000e+02,2.019552404350690040e+03
8.490000000000000000e+02,2.080144564551710118e+03
8.500000000000000000e+02,2.004581443735634139e+03
8.510000000000000000e+02,2.017014930608479062e+03
8.520000000000000000e+02,2.020899934464740227e+03
8.530000000000000000e+02,2.024659104626756971e+03
8.540000000000000000e+02,2.013487994704728635e+03
8.550000000000000000e+02,2.020026986060444870e+03
8.560000000000000000e+02,2.006649651005774103e+03
8.570000000000000000e+02,2.008963912949569021e+03
8.580000000000000000e+02,2.008571511291787374e+03
8.590000000000000000e+02,2.010584110450597791e+03
8.600000000000000000e+02,-4.913819101018462732e+01
8.610000000000000000e+02,-1.522982306672336428e+01
8.620000000000000000e+02,-6.259344437004205020e+01
8.630000000000000000e+02,1.014124332431013187e+00
8.640000000000000000e+02,2.002593049337446246e+03
8.650000000000000000e+02,2.005619205448768298e+03
8.660000000000000000e+02,-5.400242809631799901e+01
8.670000000000000000e+02,2.011428715678399385e+03
8.680000000000000000e+02,-4.811370911576292997e+01
8.690000000000000000e+02,2.010103220310570123e+03
8.700000000000000000e+02,2.005922429737478296e+03
8.710000000000000000e+02,2.008549791849310395e+03
8.720000000000000000e+02,-2.139743565173864681e+01
8.730000000000000000e+02,-5.978991827936461334e+01
8.740000000000000000e+02,2.003609105135819618e+03
8.750000000000000000e+02,-4.841069996305407130e+01
8.760000000000000000e+02,-3.982962100859361954e+01
8.770000000000000000e+02,-6.514967411056409219e+01
8.780000000000000000e+02,-6.555857425736009247e+01
8.790000000000000000e+02,2.006543170475379611e+03
8.800000000000000000e+02,-6.822061029363715079e+01
8.810000000000000000e+02,-3.865866654731495089e+01
8.820000000000000000e+02,2.003455257448731345e+03
8.830000000000000000e+02,2.015157691221253572e+03
8.840000000000000000e+02,-6.286041598259977548e+01
8.850000000000000000e+02,2.006665071816348927e+03
8.860000000000000000e+02,-5.776683033547683976e+01
8.870000000000000000e+02,2.007965420873582843e+03
8.880000000000000000e+02,2.003304556306572067e+03
8.890000000000000000e+02,-5.904275922407023813e+01
8.900000000000000000e+02,-4.726120564807146707e+01
8.910000000000000000e+02,-7.255404690599898743e+01
8.920000000000000000e+02,2.001930716130172186e+03
8.930000000000000000e+02,-8.198962555910722472e+01
8.940000000000000000e+02,2.006442781975951902e+03
8.950000000000000000e+02,2.000631202273562167e+03
8.960000000000000000e+02,2.005566981784432528e+03
8.970000000000000000e+02,-6.393000070191533268e+01
8.980000000000000000e+02,2.003272910781149676e+03
8.990000000000000000e+02,-5.205459036375246740e+01
9.000000000000000000e+02,-5.516500796033398046e+01
9.010000000000000000e+02,-6.680972741859402220e+01
9.020000000000000000e+02,2.027543875442701165e+03
9.030000000000000000e+02,-6.821570059644612627e+01
9.040000000000000000e+02,2.010478993088332345e+03
9.050000000000000000e+02,2.005232325297874013e+03
9.060000000000000000e+02,2.000986703877991431e+03
9.070000000000000000e+02,-7.917030049334222497e+01
9.080000000000000000e+02,-6.650133565427476867e+01
9.090000000000000000e+02,-7.956314007531351251e+01
9.100000000000000000e+02,2.008473279873493993e+03
9.110000000000000000e+02,2.001176208816216558e+03
9.120000000000000000e+02,1.973522829571953935e+03
9.130000000000000000e+02,-6.054592947248097801e+01
9.140000000000000000e+02,-5.176332385760760246e+01
9.150000000000000000e+02,2.006824198934378046e+03
9.160000000000000000e+02,2.005431077832890878e+03
9.170000000000000000e+02,-6.206547648910466819e+01
9.180000000000000000e+02,2.009238100402854116e+03
9.190000000000000000e+02,2.004609708955910037e+03
9.200000000000000000e+02,2.003920181450706878e+03
9.210000000000000000e+02,2.001166668419175721e+03
9.220000000000000000e+02,2.019858356532765811e+03
9.230000000000000000e+02,2.007423984145175837e+03
9.240000000000000000e+02,2.006171172707261576e+03
9.250000000000000000e+02,2.006328792783197969e+03
9.260000000000000000e+02,2.005056616052071149e+03
9.270000000000000000e+02,2.006766143195148516e+03
9.280000000000000000e+02,2.005103269461363425e+03
9.290000000000000000e+02,2.003769433344912613e+03
9.300000000000000000e+02,2.007512493460260885e+03
9.310000000000000000e+02,-4.776921603910498959e+01
9.320000000000000000e+02,-3.901680982901829964e+01
9.330000000000000000e+02,2.016821444271606651e+03
9.340000000000000000e+02,1.991261503153836202e+03
9.350000000000000000e+02,2.011051106242339074e+03
9.360000000000000000e+02,2.006356610060665844e+03
9.370000000000000000e+02,2.012388100339313269e+03
9.380000000000000000e+02,2.007571847869238809e+03
9.390000000000000000e+02,2.007578587615176957e+03
9.400000000000000000e+02,2.005418830752466420e+03
9.410000000000000000e+02,2.008213253205209185e+03
9.420000000000000000e+02,2.008054613457301002e+03
9.430000000000000000e+02,-6.911898089985743354e+01
9.440000000000000000e+02,-6.067732123631324725e+01
9.450000000000000000e+02,-6.695484703187368325e+01
9.460000000000000000e+02,2.007383937789025140e+03
9.470000000000000000e+02,2.010648217384773261e+03
9.480000000000000000e+02,2.005914387609372852e+03
9.490000000000000000e+02,-5.949591251425701444e+01
9.500000000000000000e+02,2.005564998400400100e+03
9.510000000000000000e+02,-5.513157158243951983e+01
9.520000000000000000e+02,2.018442682820402524e+03
9.530000000000000000e+02,-6.607170724877013868e+01
9.540000000000000000e+02,-6.856419823940958835e+00
9.550000000000000000e+02,-7.094520086841816919e+01
9.560000000000000000e+02,2.007363274851559481e+03
9.570000000000000000e+02,2.003347462930561505e+03
9.580000000000000000e+02,1.999673148023753356e+03
9.590000000000000000e+02,-9.419115172640060507e+01
9.600000000000000000e+02,-6.674718133254765462e+01
9.610000000000000000e+02,2.005512356939059828e+03
9.620000000000000000e+02,1.988288707592741048e+03
9.630000000000000000e+02,-3.767995735915962996e+01
9.640000000000000000e+02,-2.130147296012705382e+01
9.650000000000000000e+02,-6.363517070553110955e+01
9.660000000000000000e+02,2.011358603306586019e+03
9.670000000000000000e+02,2.008827974077393037e+03
9.680000000000000000e+02,2.004015527386418171e+03
9.690000000000000000e+02,-5.074671784097262162e+01
9.700000000000000000e+02,-2.969697948396315823e+01
9.710000000000000000e+02,-6.118749378323992971e+01
9.720000000000000000e+02,1.995715368971384351e+03
9.730000000000000000e+02,-6.951160596875351416e+01
9.740000000000000000e+02,2.003547250396090703e+03
9.750000000000000000e+02,2.003852672558509539e+03
9.760000000000000000e+02,2.012778856078047511e+03
9.770000000000000000e+02,2.004738121683460349e+03
9.780000000000000000e+02,2.009200057682847046e+03
9.790000000000000000e+02,2.006814623677058307e+03
9.800000000000000000e+02,2.006329830608948669e+03
9.810000000000000000e+02,2.005428394242321247e+03
9.820000000000000000e+02,2.016554874539113371e+03
9.830000000000000000e+02,2.007621057432755606e+03
9.840000000000000000e+02,2.073597342542234856e+03
9.850000000000000000e+02,-3.798875957834584227e+01
9.860000000000000000e+02,2.004082742978986516e+03
9.870000000000000000e+02,2.004132806326388618e+03
9.880000000000000000e+02,2.027073214746687199e+03
9.890000000000000000e+02,2.003941703991195254e+03
9.900000000000000000e+02,2.021547240342818213e+03
9.910000000000000000e+02,2.017160883105066205e+03
9.920000000000000000e+02,2.009027826420827068e+03
9.930000000000000000e+02,2.006413127142260919e+03
9.940000000000000000e+02,2.014214436206593973e+03
9.950000000000000000e+02,2.011871505097464706e+03
9.960000000000000000e+02,2.039079154440367120e+03
9.970000000000000000e+02,2.010682497873312286e+03
9.980000000000000000e+02,2.016220558906697761e+03
9.990000000000000000e+02,2.010628575846623789e+03
1.000000000000000000e+03,2.004431361417658763e+03
1.001000000000000000e+03,2.005257917213715928e+03
1.002000000000000000e+03,2.017505334757760920e+03
1.003000000000000000e+03,2.005055272807850997e+03
1.004000000000000000e+03,2.007459731536480604e+03
1.005000000000000000e+03,2.030682400885269317e+03
1.006000000000000000e+03,2.006724604692765297e+03
1.007000000000000000e+03,2.019262785759613053e+03
1.008000000000000000e+03,2.006387122025595772e+03
1.009000000000000000e+03,-4.062467836668311350e+01
1.010000000000000000e+03,2.021965616562151126e+03
1.011000000000000000e+03,2.022017381861838203e+03
1.012000000000000000e+03,2.026982499956857509e+03
1.013000000000000000e+03,2.037553437526486732e+03
1.014000000000000000e+03,2.013475412021379270e+03
1.015000000000000000e+03,2.067205014040230253e+03
1.016000000000000000e+03,2.008034600751009066e+03
1.017000000000000000e+03,2.004061853250325612e+03
1.018000000000000000e+03,2.008598481992185953e+03
1.019000000000000000e+03,2.007700158869870847e+03
1.020000000000000000e+03,2.033116161194362121e+03
1.021000000000000000e+03,2.048895193343913888e+03
1.022000000000000000e+03,2.012315299256655180e+03
1.023000000000000000e+03,2.008376694010649089e+03
1.024000000000000000e+03,2.028818539028026862e+03
1.025000000000000000e+03,-5.770083790896923404e+01
1.026000000000000000e+03,2.044350973403293665e+03
1.027000000000000000e+03,2.061891777214777449e+03
1.028000000000000000e+03,2.008918055001433913e+03
1.029000000000000000e+03,-2.759362432542837951e+01
1.030000000000000000e+03,2.016153421391289157e+03
1.031000000000000000e+03,1.856069091741433752e+01
1.032000000000000000e+03,2.013779645600505091e+03
1.033000000000000000e+03,2.004073285472897851e+03
1.034000000000000000e+03,-2.145849845777377851e+01
1.035000000000000000e+03,2.004735000866631935e+03
1.036000000000000000e+03,2.008088537440085020e+03
1.037000000000000000e+03,2.006649342504349988e+03
1.038000000000000000e+03,2.015330305269695828e+03
1.039000000000000000e+03,2.036900674159065147e+03
1.040000000000000000e+03,2.008474929846067198e+03
1.041000000000000000e+03,2.033531724485102814e+03
1.042000000000000000e+03,2.046761864129698097e+03
1.043000000000000000e+03,2.015432617341286232e+03
1.044000000000000000e+03,-3.805125359871632895e+01
1.045000000000000000e+03,2.067955217570117838e+03
1.046000000000000000e+03,2.074518381893156402e+03
1.047000000000000000e+03,2.036910423027373781e+03
1.048000000000000000e+03,-2.365157509027259408e+01
1.049000000000000000e+03,2.015045154783801308e+03
1.050000000000000000e+03,2.068849668784720961e+03
1.051000000000000000e+03,2.050069072974782557e+03
1.052000000000000000e+03,2.011905177752637201e+03
1.053000000000000000e+03,1.453481582712110054e+01
1.054000000000000000e+03,-1.306459769840791729e+01
1.055000000000000000e+03,2.010071022028712378e+03
1.056000000000000000e+03,2.034779254824263035e+03
1.057000000000000000e+03,2.004872887038949557e+03
1.058000000000000000e+03,2.014519647877942589e+03
1.059000000000000000e+03,2.007383113890069126e+03
1.060000000000000000e+03,2.005667071844068005e+03
1.061000000000000000e+03,2.006681124820969899e+03
1.062000000000000000e+03,2.026077781502440757e+03
1.063000000000000000e+03,2.003917343195446847e+03
1.064000000000000000e+03,2.009604089747458829e+03
1.065000000000000000e+03,2.005447279922158941e+03
1.066000000000000000e+03,2.012414192954730197e+03
1.067000000000000000e+03,2.007131861345475045e+03
1.068000000000000000e+03,2.009994773271435179e+03
1.069000000000000000e+03,-3.826904652706188870e+01
1.070000000000000000e+03,-3.976726705189858535e+01
1.071000000000000000e+03,2.005927258345971040e+03
1.072000000000000000e+03,2.042451423819213687e+03
1.073000000000000000e+03,2.012529837817639873e+03
1.074000000000000000e+03,-3.681346663436996636e+01
1.075000000000000000e+03,-3.307107795713213250e+01
1.076000000000000000e+03,2.009383316058738501e+03
1.077000000000000000e+03,2.016705143891903617e+03
1.078000000000000000e+03,2.010767163173027029e+03
1.079000000000000000e+03,2.019488577123980576e+03
1.080000000000000000e+03,2.003939472587805994e+03
1.081000000000000000e+03,2.023280176255859033e+03
1.082000000000000000e+03,2.029762346363025017e+03
1.083000000000000000e+03,2.015877776328238269e+03
1.084000000000000000e+03,7.780344553304799149e+01
1.085000000000000000e+03,2.002926863612395437e+03
1.086000000000000000e+03,-6.527850430921692038e+00
1.087000000000000000e+03,2.005214307837859224e+03
1.088000000000000000e+03,2.002313756589675677e+03
1.089000000000000000e+03,2.003488936232035030e+03
1.090000000000000000e+03,2.030736492763578781e+03
1.091000000000000000e+03,2.004713639055784370e+03
1.092000000000000000e+03,2.013384704049177117e+03
1.093000000000000000e+03,2.004503323730265947e+03
1.094000000000000000e+03,2.019312830993036414e+03
1.095000000000000000e+03,2.006837435552794659e+03
1.096000000000000000e+03,-3.378120151352534606e+01
1.097000000000000000e+03,2.012758782670654455e+03
1.098000000000000000e+03,2.016261183167252284e+03
1.099000000000000000e+03,2.013595321631440811e+03
1.100000000000000000e+03,2.019714803211968274e+03
1.101000000000000000e+03,4.325042602205682130e+01
1.102000000000000000e+03,2.007367358717803427e+03
1.103000000000000000e+03,2.004975256213853754e+03
1.104000000000000000e+03,2.009634970168614927e+03
1.105000000000000000e+03,2.034537964395316521e+03
1.106000000000000000e+03,2.013721915154096450e+03
1.107000000000000000e+03,2.008200383081430118e+03
1.108000000000000000e+03,2.011523947035582978e+03
1.109000000000000000e+03,2.005042270191288708e+03
1.110000000000000000e+03,1.439711198249547408e+01
1.111000000000000000e+03,2.006915558839961250e+03
1.112000000000000000e+03,2.024652521131609547e+03
1.113000000000000000e+03,2.003890489209745965e+03
1.114000000000000000e+03,2.002653838112643371e+03
1.115000000000000000e+03,2.011499116447662800e+03
1.116000000000000000e+03,2.008708487887299498e+03
1.117000000000000000e+03,2.037820614244725675e+03
1.118000000000000000e+03,2.008291827888518810e+03
1.119000000000000000e+03,-7.378454750043409227e+00
1.120000000000000000e+03,2.007097017798655088e+03
1.121000000000000000e+03,-5.318977029851892269e+01
1.122000000000000000e+03,2.024371447723740403e+03
1.123000000000000000e+03,2.037715656497452983e+03
1.124000000000000000e+03,2.006886518514314730e+03
1.125000000000000000e+03,2.030224526803615163e+03
1.126000000000000000e+03,5.758187694946524715e+01
1.127000000000000000e+03,2.004480866344802962e+03
1.128000000000000000e+03,2.007133064816819797e+03
1.129000000000000000e+03,2.010959938255910401e+03
1.130000000000000000e+03,2.007677546978177133e+03
1.131000000000000000e+03,2.009164038738022555e+03
1.132000000000000000e+03,2.004342412473825107e+03
1.133000000000000000e+03,2.011020544669505171e+03
1.134000000000000000e+03,2.008798735429731323e+03
1.135000000000000000e+03,2.009702936084181829e+03
1.136000000000000000e+03,2.007781534842077235e+03
1.137000000000000000e+03,2.013480093756594215e+03
1.138000000000000000e+03,2.005651153772562566e+03
1.139000000000000000e+03,2.019351075534470510e+03
1.140000000000000000e+03,2.019968516242114674e+03
1.141000000000000000e+03,2.009207484272659940e+03
1.142000000000000000e+03,2.003729838434317116e+03
1.143000000000000000e+03,2.004712129593884583e+03
1.144000000000000000e+03,2.014535335844347401e+03
1.145000000000000000e+03,2.009816618854708850e+03
1.146000000000000000e+03,8.446973017868728562e+01
1.147000000000000000e+03,2.032164082699844357e+03
1.148000000000000000e+03,-8.344697792630120148e+01
1.149000000000000000e+03,2.009415356366682772e+03
1.150000000000000000e+03,2.008843167921076201e+03
1.151000000000000000e+03,2.011498256238533259e+03
1.152000000000000000e+03,2.030002252251905702e+03
1.153000000000000000e+03,2.016432488044268894e+03
1.154000000000000000e+03,2.002614488387347819e+03
1.155000000000000000e+03,4.584359594371183277e+01
1.156000000000000000e+03,2.020806845477982051e+03
1.157000000000000000e+03,2.876500073073738406e+01
1.158000000000000000e+03,2.015160974167945824e+03
1.159000000000000000e+03,2.005776743549597313e+03
1.160000000000000000e+03,2.006969719030813167e+03
1.161000000000000000e+03,2.019983198735157657e+03
1.162000000000000000e+03,2.024408214128137161e+03
1.163000000000000000e+03,2.011952580983701182e+03
1.164000000000000000e+03,2.002428445825137715e+03
1.165000000000000000e+03,2.004412318353368164e+03
1.166000000000000000e+03,2.008966910365584681e+03
1.167000000000000000e+03,2.025511798141342751e+03
1.168000000000000000e+03,2.025028155173123423e+03
1.169000000000000000e+03,2.008368754423454675e+03
1.170000000000000000e+03,2.008284747387948755e+03
1.171000000000000000e+03,2.014337594606474340e+03
1.172000000000000000e+03,2.022422663020783830e+03
1.173000000000000000e+03,-5.480125431548407278e+01
1.174000000000000000e+03,-8.273628323825198549e+01
1.175000000000000000e+03,2.023505597039783652e+03
1.176000000000000000e+03,2.014188815505508046e+03
1.177000000000000000e+03,2.022968848313957778e+03
1.178000000000000000e+03,2.010193410203508392e+03
1.179000000000000000e+03,3.196093475892079994e+01
1.180000000000000000e+03,2.012652122271262215e+03
1.181000000000000000e+03,-6.326801930975970834e+01
1.182000000000000000e+03,2.519188801817123036e+01
1.183000000000000000e+03,2.069767706676615944e+03
1.184000000000000000e+03,-6.497641380259898369e+01
1.185000000000000000e+03,2.003565294702002802e+03
1.186000000000000000e+03,2.006134679761128837e+03
1.187000000000000000e+03,2.012671536838473685e+03
1.188000000000000000e+03,1.198326021717793992e+02
1.189000000000000000e+03,2.016005115097658972e+03
1.190000000000000000e+03,2.016836758271923372e+03
1.191000000000000000e+03,2.016141465517305278e+03
1.192000000000000000e+03,-6.771967473831503526e+01
1.193000000000000000e+03,2.011057342564085275e+03
1.194000000000000000e+03,2.005893175153074480e+03
1.195000000000000000e+03,-6.057751593194471695e+01
1.196000000000000000e+03,2.014664309013578986e+03
1.197000000000000000e+03,2.013473822438523030e+03
1.198000000000000000e+03,2.017324558565150255e+03
1.199000000000000000e+03,2.007956545593441888e+03
1.200000000000000000e+03,2.016598238274496453e+03
1.201000000000000000e+03,-4.388567621626255288e+01
1.202000000000000000e+03,-5.743453695365587919e+01
1.203000000000000000e+03,2.009788410303365481e+03
1.204000000000000000e+03,2.025200881321002726e+03
1.205000000000000000e+03,2.013466270385129519e+03
1.206000000000000000e+03,-5.612256571028606800e+01
1.207000000000000000e+03,2.011442857001786933e+03
1.208000000000000000e+03,2.014612414124469751e+03
1.209000000000000000e+03,1.121340326229534767e+01
1.210000000000000000e+03,2.055327892065180095e+03
1.211000000000000000e+03,-6.268335711810510702e+01
1.212000000000000000e+03,2.006864448113896515e+03
1.213000000000000000e+03,2.014930638300979808e+03
1.214000000000000000e+03,-6.245379789479854082e+01
1.215000000000000000e+03,-5.004951676682574657e+01
1.216000000000000000e+03,-4.721247282441220250e+01
1.217000000000000000e+03,-5.558516848314432934e+01
1.218000000000000000e+03,-5.537446896338606450e+01
1.219000000000000000e+03,-4.394656581616267488e+01
1.220000000000000000e+03,-4.955301173617806398e+01
1.221000000000000000e+03,-5.018574207421954725e+01
1.222000000000000000e+03,-7.006079635232902092e+01
1.223000000000000000e+03,-9.662918562014667145e+01
1.224000000000000000e+03,-7.892988057498806143e+01
1.225000000000000000e+03,-6.711968622869628120e+01
1.226000000000000000e+03,-7.352117794129135575e+01
1.227000000000000000e+03,-6.128300219439171315e+01
1.228000000000000000e+03,-4.897392774328706366e+01
1.229000000000000000e+03,-1.360909915682744398e+01
1.230000000000000000e+03,-4.275807087735178413e+01
1.231000000000000000e+03,-5.886702992078689078e+01
1.232000000000000000e+03,-2.006329540300919234e+01
1.233000000000000000e+03,-4.516263870719642171e+01
1.234000000000000000e+03,-5.189465794972109336e+01
1.235000000000000000e+03,-4.611766126288351586e+00
1.236000000000000000e+03,-7.262249478357948362e+01
1.237000000000000000e+03,-3.857865455328007442e+01
1.238000000000000000e+03,-5.914137351545193155e+01
1.239000000000000000e+03,-6.430869069464395693e+01
1.240000000000000000e+03,-7.708213486397376357e+01
1.241000000000000000e+03,-3.162452053919824380e+01
1.242000000000000000e+03,-7.088837294796124411e+01
1.243000000000000000e+03,-6.364429100131904704e+01
1.244000000000000000e+03,-6.445128582692549912e+01
1.245000000000000000e+03,-6.418631872218232104e+01
1.246000000000000000e+03,-6.143453002846295874e+01
1.247000000000000000e+03,-7.294907118721376094e+01
1.248000000000000000e+03,-7.386484581376933534e+01
1.249000000000000000e+03,-8.013145700196926668e+01
1.250000000000000000e+03,-9.461960394563489274e+01
1.251000000000000000e+03,-1.221535930013091615e+02
1.252000000000000000e+03,-1.288392915103596010e+02
1.253000000000000000e+03,-1.282410056223420156e+02
1.254000000000000000e+03,-1.440514742096676173e+02
1.255000000000000000e+03,-6.503322429298192375e+00
1.256000000000000000e+03,-1.272505590512779463e+02
1.257000000000000000e+03,-1.199749950894211281e+02
1.258000000000000000e+03,-1.952359671186650658e+01
1.259000000000000000e+03,-5.812044979327713179e+01
1.260000000000000000e+03,-6.449241216643392249e+01
1.261000000000000000e+03,-6.006743288474972076e+01
1.262000000000000000e+03,-8.373398362769296455e+01
1.263000000000000000e+03,-4.904152200371953541e+01
1.264000000000000000e+03,-7.802304833456541644e+01
1.265000000000000000e+03,-8.705217003050530877e+01
1.266000000000000000e+03,-6.964222912039144830e+01
1.267000000000000000e+03,-7.826844280874959736e+01
1.268000000000000000e+03,-3.433447672046409593e+01
1.269000000000000000e+03,-3.051408126952854616e+01
1.270000000000000000e+03,-6.005827435051705265e+01
1.271000000000000000e+03,-6.940459812593225308e+01
1.272000000000000000e+03,-8.123623563946838999e+01
1.273000000000000000e+03,-8.832008003659409212e+01
1.274000000000000000e+03,-9.719878265837225229e+01
1.275000000000000000e+03,-3.660825099565606422e+01
1.276000000000000000e+03,-9.671119630536085765e+01
1.277000000000000000e+03,-6.536320175012592415e+01
1.278000000000000000e+03,1.675312451725297080e-02
1.279000000000000000e+03,-8.123546056664295634e+01
1.280000000000000000e+03,-6.627452875970253388e+01
1.281000000000000000e+03,-7.005593960399075115e+01
1.282000000000000000e+03,-9.060866024587289758e+01
1.283000000000000000e+03,3.528824783774048512e+00
1.284000000000000000e+03,-1.088915691715723284e+02
1.285000000000000000e+03,2.023355315786640858e+03
1.286000000000000000e+03,2.009426934560556219e+03
1.287000000000000000e+03,-1.870300195868172466e+01
1.288000000000000000e+03,2.031602286248599512e+03
1.289000000000000000e+03,-1.274116709906744518e+02
1.290000000000000000e+03,-1.630797196788697079e+02
1.291000000000000000e+03,-1.549950285235425724e+02
1.292000000000000000e+03,2.035052701482218936e+03
1.293000000000000000e+03,2.038407680658019444e+03
1.294000000000000000e+03,-3.178098120338433219e+01
1.295000000000000000e+03,-2.039598049155721071e+02
1.296000000000000000e+03,1.093302107998101036e+02
1.297000000000000000e+03,2.014585245952852574e+03
1.298000000000000000e+03,-1.478751910494697768e+02
1.299000000000000000e+03,2.013099340700806124e+03
1.300000000000000000e+03,2.015185703041916213e+03
1.301000000000000000e+03,1.552520592731759663e+01
1.302000000000000000e+03,2.009133030475290752e+03
1.303000000000000000e+03,2.015321731081394319e+03
1.304000000000000000e+03,2.016362302260447223e+03
1.305000000000000000e+03,2.027740715212608848e+03
1.306000000000000000e+03,2.006488661397518854e+03
1.307000000000000000e+03,2.005922591598330428e+03
1.308000000000000000e+03,2.009108356520295274e+03
1.309000000000000000e+03,2.003965632027385027e+03
1.310000000000000000e+03,2.025767669182550208e+03
1.311000000000000000e+03,2.005956689662784129e+03
1.312000000000000000e+03,2.042254502535347683e+03
1.313000000000000000e+03,2.007402728982911185e+03
1.314000000000000000e+03,1.975455503246875878e+03
1.315000000000000000e+03,2.009950288723182666e+03
1.316000000000000000e+03,2.009581798419018241e+03
1.317000000000000000e+03,2.018929727842108832e+03
1.318000000000000000e+03,2.011674805263990038e+03
1.319000000000000000e+03,2.010339890066954013e+03
1.320000000000000000e+03,2.018658790862135447e+03
1.321000000000000000e+03,2.019217617964566671e+03
1.322000000000000000e+03,2.008175339070181508e+03
1.323000000000000000e+03,2.013858516296137168e+03
1.324000000000000000e+03,2.010413465366954370e+03
1.325000000000000000e+03,2.006951329147336764e+03
1.326000000000000000e+03,2.016799897523248546e+03
1.327000000000000000e+03,2.010647530344694587e+03
1.328000000000000000e+03,2.010624914242018804e+03
1.329000000000000000e+03,2.014711448130611643e+03
1.330000000000000000e+03,2.007640081328078395e+03
1.331000000000000000e+03,2.004830788174687996e+03
1.332000000000000000e+03,2.005743080016536851e+03
1.333000000000000000e+03,2.009668061659875775e+03
1.334000000000000000e+03,2.009161370485455109e+03
1.335000000000000000e+03,2.013333146312937288e+03
1.336000000000000000e+03,2.002546386172041821e+03
1.337000000000000000e+03,2.020793996721819667e+03
1.338000000000000000e+03,2.005603183589895707e+03
1.339000000000000000e+03,-1.548252565812104820e+02
1.340000000000000000e+03,2.007618529973145542e+03
1.341000000000000000e+03,2.011637330596761785e+03
1.342000000000000000e+03,2.015524364868721250e+03
1.343000000000000000e+03,1.986747316183423209e+03
1.344000000000000000e+03,2.010356588174506442e+03
1.345000000000000000e+03,1.979143129596782501e+03
1.346000000000000000e+03,2.006097701157480060e+03
1.347000000000000000e+03,2.006459919418872460e+03
1.348000000000000000e+03,2.006120822638107711e+03
1.349000000000000000e+03,2.012489076562024593e+03
1.350000000000000000e+03,2.005197215877469034e+03
1.351000000000000000e+03,2.004009640465677421e+03
1.352000000000000000e+03,2.015639888761419343e+03
1.353000000000000000e+03,2.006995800370789766e+03
1.354000000000000000e+03,2.002850296813979867e+03
1.355000000000000000e+03,2.018339399706030463e+03
1.356000000000000000e+03,3.329871687412870429e+00
1.357000000000000000e+03,2.007378153117826287e+03
1.358000000000000000e+03,2.012501965821372778e+03
1.359000000000000000e+03,2.006656574464080450e+03
1.360000000000000000e+03,-1.228782283292335791e+02
1.361000000000000000e+03,2.005051387386004535e+03
1.362000000000000000e+03,2.006199874726278040e+03
1.363000000000000000e+03,2.007521336732804684e+03
1.364000000000000000e+03,2.029756333992929740e+03
1.365000000000000000e+03,2.007275515640426647e+03
1.366000000000000000e+03,2.009534043150592879e+03
1.367000000000000000e+03,2.018503348391624741e+03
1.368000000000000000e+03,2.006659236353555571e+03
1.369000000000000000e+03,2.010864741139324451e+03
1.370000000000000000e+03,2.005427886838577706e+03
1.371000000000000000e+03,1.959536198289545155e+03
1.372000000000000000e+03,2.006369488229713170e+03
1.373000000000000000e+03,2.006699560836910678e+03
1.374000000000000000e+03,2.005673301787551736e+03
1.375000000000000000e+03,2.011988600439206266e+03
1.376000000000000000e+03,2.004335874284349302e+03
1.377000000000000000e+03,2.004692348647360859e+03
1.378000000000000000e+03,2.035033436458277038e+03
1.379000000000000000e+03,2.017512946342599435e+03
1.380000000000000000e+03,2.001626726938951151e+03
1.381000000000000000e+03,2.012051931708181428e+03
1.382000000000000000e+03,-8.699635939929969197e+01
1.383000000000000000e+03,2.016703556274050243e+03
1.384000000000000000e+03,2.017782485950928731e+03
1.385000000000000000e+03,2.004938800931168998e+03
1.386000000000000000e+03,2.006245827675344117e+03
1.387000000000000000e+03,2.007679760114722285e+03
1.388000000000000000e+03,2.010778785785452328e+03
1.389000000000000000e+03,2.005245276946408694e+03
1.390000000000000000e+03,2.009523805465712258e+03
1.391000000000000000e+03,2.016840430411706166e+03
1.392000000000000000e+03,2.026165533554555168e+03
1.393000000000000000e+03,-9.220420635835569101e+01
1.394000000000000000e+03,2.009046970090682407e+03
1.395000000000000000e+03,2.004608863285458710e+03
1.396000000000000000e+03,2.020365718331673634e+03
1.397000000000000000e+03,2.011277296141579882e+03
1.398000000000000000e+03,2.009749216512339899e+03
1.399000000000000000e+03,2.008375017263121890e+03
1.400000000000000000e+03,2.007347363996586864e+03
1.401000000000000000e+03,2.008596841446279086e+03
1.402000000000000000e+03,2.007041974104336759e+03
1.403000000000000000e+03,2.007927703012991742e+03
1.404000000000000000e+03,2.007412468411431973e+03
1.405000000000000000e+03,2.007173655680258889e+03
1.406000000000000000e+03,2.002405872665150582e+03
1.407000000000000000e+03,1.985630956875495713e+03
1.408000000000000000e+03,2.009828961791066376e+03
1.409000000000000000e+03,2.007701729022960080e+03
1.410000000000000000e+03,-1.329569276963982531e+02
1.411000000000000000e+03,-6.244139958909291011e+01
1.412000000000000000e+03,2.009156324198728271e+03
1.413000000000000000e+03,2.008717774166257641e+03
1.414000000000000000e+03,2.004568197677276885e+03
1.415000000000000000e+03,2.002349100277341222e+03
1.416000000000000000e+03,2.010124988451497074e+03
1.417000000000000000e+03,2.007256202070457903e+03
1.418000000000000000e+03,2.014054942406800137e+03
1.419000000000000000e+03,2.003237717636138086e+03
1.420000000000000000e+03,2.011272104390707000e+03
1.421000000000000000e+03,2.007569809550896480e+03
1.422000000000000000e+03,2.007684199121867323e+03
1.423000000000000000e+03,1.964702740125934270e+03
1.424000000000000000e+03,-5.912439281491847964e+01
1.425000000000000000e+03,2.008766695823605687e+03
1.426000000000000000e+03,2.017695071351720799e+03
1.427000000000000000e+03,2.008037110127614369e+03
1.428000000000000000e+03,2.007838670709598318e+03
1.429000000000000000e+03,2.010268761624010494e+03
1.430000000000000000e+03,2.008296848061345372e+03
1.431000000000000000e+03,2.007225852809774551e+03
1.432000000000000000e+03,2.007082598834880855e+03
1.433000000000000000e+03,2.019378084154409180e+03
1.434000000000000000e+03,2.006196929720840444e+03
1.435000000000000000e+03,2.012058816051324129e+03
1.436000000000000000e+03,2.005756573255038575e+03
1.437000000000000000e+03,2.007954977518631040e+03
1.438000000000000000e+03,2.012268290994642939e+03
1.439000000000000000e+03,2.018432143785434164e+03
1.440000000000000000e+03,2.004082423261211261e+03
1.441000000000000000e+03,2.016759736407211903e+03
1.442000000000000000e+03,2.011056903665400569e+03
1.443000000000000000e+03,2.013993080478768206e+03
1.444000000000000000e+03,2.004916361596993511e+03
1.445000000000000000e+03,2.020444079566067330e+03
1.446000000000000000e+03,2.033567647130323849e+03
1.447000000000000000e+03,-7.947313799549542068e+01
1.448000000000000000e+03,2.009406969067061937e+03
1.449000000000000000e+03,2.009632953595587651e+03
1.450000000000000000e+03,2.005307615279631818e+03
1.451000000000000000e+03,2.011909603855095611e+03
1.452000000000000000e+03,-1.301287767883597439e+02
1.453000000000000000e+03,2.013970887510503644e+03
1.454000000000000000e+03,2.010390766635479167e+03
1.455000000000000000e+03,2.027818100811630075e+03
1.456000000000000000e+03,2.004922205887809014e+03
1.457000000000000000e+03,2.005507513296289062e+03
1.458000000000000000e+03,-1.132146771299909744e+02
1.459000000000000000e+03,2.007194255961154113e+03
1.460000000000000000e+03,2.013297501483045835e+03
1.461000000000000000e+03,-4.802397086951616245e+01
1.462000000000000000e+03,-1.062142886900261090e+02
1.463000000000000000e+03,2.013704938748891436e+03
1.464000000000000000e+03,2.012368853502523734e+03
1.465000000000000000e+03,2.006553145596412378e+03
1.466000000000000000e+03,2.006899381854506146e+03
1.467000000000000000e+03,2.009750275406976698e+03
1.468000000000000000e+03,-8.543094563966467092e+01
1.469000000000000000e+03,-6.100339120256302294e+01
1.470000000000000000e+03,-1.291043516413959082e+02
1.471000000000000000e+03,2.004115182104503674e+03
1.472000000000000000e+03,1.862930232140837688e+03
1.473000000000000000e+03,2.002793804893837660e+03
1.474000000000000000e+03,-2.641352258868277403e+01
1.475000000000000000e+03,2.003458670889825726e+03
1.476000000000000000e+03,2.007555248651927059e+03
1.477000000000000000e+03,-1.199459673359081613e+01
1.478000000000000000e+03,2.004950551714545327e+03
1.479000000000000000e+03,2.004099997262140732e+03
1.480000000000000000e+03,-3.258583331983914633e+01
1.481000000000000000e+03,2.020976949782841530e+03
1.482000000000000000e+03,2.005354439012841340e+03
1.483000000000000000e+03,-3.346857033933136449e+01
1.484000000000000000e+03,-1.119714386330370282e+01
1.485000000000000000e+03,2.010125910440200414e+03
1.486000000000000000e+03,2.005893803629960303e+03
1.487000000000000000e+03,2.011837923224625911e+03
1.488000000000000000e+03,2.015966762898643537e+03
1.489000000000000000e+03,2.009912452262984061e+03
1.490000000000000000e+03,2.005800779572942020e+03
1.491000000000000000e+03,2.007016117559769555e+03
1.492000000000000000e+03,2.011169853549351956e+03
1.493000000000000000e+03,2.005918579649393678e+03
1.494000000000000000e+03,2.005453346080855454e+03
1.495000000000000000e+03,2.003111001106629601e+03
1.496000000000000000e+03,2.011011667785649706e+03
1.497000000000000000e+03,2.018050810517359878e+03
1.498000000000000000e+03,2.005766829268617130e+03
1.499000000000000000e+03,2.005068664322570839e+03
1.500000000000000000e+03,2.009110311348018740e+03
1.501000000000000000e+03,2.010796599725066699e+03
1.502000000000000000e+03,2.005041585092867535e+03
1.503000000000000000e+03,2.017339480018459881e+03
1.504000000000000000e+03,2.008187686128788300e+03
1.505000000000000000e+03,2.008269517696797948e+03
1.506000000000000000e+03,2.011505015929477850e+03
1.507000000000000000e+03,1.094382798899270028e+02
1.508000000000000000e+03,2.014744783989720872e+03
1.509000000000000000e+03,2.006611389398079609e+03
1.510000000000000000e+03,2.008799427102685740e+03
1.511000000000000000e+03,2.004643600352421572e+03
1.512000000000000000e+03,2.009065930041211686e+03
1.513000000000000000e+03,2.005989576528068710e+03
1.514000000000000000e+03,2.003410115372985956e+03
1.515000000000000000e+03,2.004686091345967952e+03
1.516000000000000000e+03,2.007238092415307392e+03
1.517000000000000000e+03,2.005824260089315430e+03
1.518000000000000000e+03,2.017657062017081898e+03
1.519000000000000000e+03,2.006533098511080652e+03
1.520000000000000000e+03,2.006613204242813708e+03
1.521000000000000000e+03,2.032312120888919026e+03
1.522000000000000000e+03,2.004334847332456548e+03
1.523000000000000000e+03,2.004265458061211575e+03
1.524000000000000000e+03,2.002687065191673582e+03
1.525000000000000000e+03,2.013203054737102775e+03
1.526000000000000000e+03,2.006958958069310484e+03
1.527000000000000000e+03,2.008457399837872572e+03
1.528000000000000000e+03,2.007158755130393047e+03
1.529000000000000000e+03,2.017973782146614894e+03
1.530000000000000000e+03,2.038351961229350536e+03
1.531000000000000000e+03,2.004553157390612114e+03
1.532000000000000000e+03,2.007967305278130652e+03
1.533000000000000000e+03,2.006527025211699538e+03
1.534000000000000000e+03,2.008212376328895289e+03
1.535000000000000000e+03,2.004506213715794047e+03
1.536000000000000000e+03,2.006166352516015422e+03
1.537000000000000000e+03,2.011209534665459614e+03
1.538000000000000000e+03,2.011682637763896309e+03
1.539000000000000000e+03,2.009092692324024938e+03
1.540000000000000000e+03,2.009194090424228079e+03
1.541000000000000000e+03,2.012751787565336144e+03
1.542000000000000000e+03,2.007721986831353433e+03
1.543000000000000000e+03,2.013902674358965214e+03
1.544000000000000000e+03,2.005658577762030745e+03
1.545000000000000000e+03,2.006535930515494329e+03
1.546000000000000000e+03,2.023239838360587783e+03
1.547000000000000000e+03,2.020539092677820236e+03
1.548000000000000000e+03,2.009224769318891049e+03
1.549000000000000000e+03,2.013944388022245448e+03
1.550000000000000000e+03,2.016742896028267978e+03
1.551000000000000000e+03,2.014481277597906455e+03
1.552000000000000000e+03,2.019275901108183689e+03
1.553000000000000000e+03,2.005936145521237449e+03
1.554000000000000000e+03,2.035333353394429651e+03
1.555000000000000000e+03,2.031871718377566367e+03
1.556000000000000000e+03,2.007180764400506632e+03
1.557000000000000000e+03,2.009416685062817578e+03
1.558000000000000000e+03,2.005493977090838143e+03
1.559000000000000000e+03,2.032942306712122218e+03
1.560000000000000000e+03,2.019018893997443683e+03
1.561000000000000000e+03,2.006959750485200402e+03
1.562000000000000000e+03,2.010282955335156430e+03
1.563000000000000000e+03,2.016633943491905939e+03
1.564000000000000000e+03,2.031552588564454709e+03
1.565000000000000000e+03,2.008342327586576403e+03
1.566000000000000000e+03,2.018553502692707752e+03
1.567000000000000000e+03,2.003993279938058549e+03
1.568000000000000000e+03,2.033405824860129769e+03
1.569000000000000000e+03,2.004350921772465426e+03
1.570000000000000000e+03,2.005367210941118401e+03
1.571000000000000000e+03,2.007763063424435586e+03
1.572000000000000000e+03,2.005120033617917215e+03
1.573000000000000000e+03,2.011497090417902200e+03
1.574000000000000000e+03,2.022733793662335984e+03
1.575000000000000000e+03,2.003522485653194053e+03
1.576000000000000000e+03,2.017102347311981930e+03
1.577000000000000000e+03,2.007057826420837500e+03
1.578000000000000000e+03,2.003405787270657811e+03
1.579000000000000000e+03,2.008370965782165740e+03
1.580000000000000000e+03,2.011696735786027148e+03
1.581000000000000000e+03,2.014291922992214722e+03
1.582000000000000000e+03,2.011997652561094583e+03
1.583000000000000000e+03,2.037214640628705638e+03
1.584000000000000000e+03,2.031718627169695537e+03
1.585000000000000000e+03,2.019751335012034815e+03
1.586000000000000000e+03,1.878922840016351984e+03
1.587000000000000000e+03,2.007459239073285516e+03
1.588000000000000000e+03,2.028260446500167745e+03
1.589000000000000000e+03,2.031184747722041948e+03
1.590000000000000000e+03,-1.640951740094442926e+02
1.591000000000000000e+03,2.008165847997177934e+03
1.592000000000000000e+03,1.051919898197666754e+02
1.593000000000000000e+03,1.149313257118949849e+01
1.594000000000000000e+03,2.007051558525619157e+03
1.595000000000000000e+03,2.012533772708815604e+03
1.596000000000000000e+03,2.030047865728313127e+03
1.597000000000000000e+03,2.035586651285470225e+03
1.598000000000000000e+03,2.004358085471773848e+03
1.599000000000000000e+03,2.004170894202228283e+03
1.600000000000000000e+03,2.016285476565595218e+03
1.601000000000000000e+03,2.016723695288543240e+03
1.602000000000000000e+03,2.009949080166790509e+03
1.603000000000000000e+03,1.864641164530413789e+03
1.604000000000000000e+03,2.008788224022768873e+03
1.605000000000000000e+03,2.012615080329715738e+03
1.606000000000000000e+03,2.011686815557889986e+03
1.607000000000000000e+03,2.007270229882494050e+03
1.608000000000000000e+03,2.007375978554599897e+03
1.609000000000000000e+03,2.015277359314751038e+03
1.610000000000000000e+03,2.027990420602381391e+03
1.611000000000000000e+03,2.017141428499332505e+03
1.612000000000000000e+03,2.020314635095023505e+03
1.613000000000000000e+03,2.009392531430540657e+03
1.614000000000000000e+03,2.005084511164279320e+03
1.615000000000000000e+03,2.005988286678930308e+03
1.616000000000000000e+03,2.003831684320445902e+03
1.617000000000000000e+03,2.017163059876559373e+03
1.618000000000000000e+03,2.002891457612157183e+03
1.619000000000000000e+03,2.041112689299746762e+03
1.620000000000000000e+03,1.961532004450789373e+03
1.621000000000000000e+03,2.010593763199891328e+03
1.622000000000000000e+03,2.035540885431387323e+03
1.623000000000000000e+03,2.003993195071344871e+03
1.624000000000000000e+03,2.013263708373010559e+03
1.625000000000000000e+03,2.009342270064932109e+03
1.626000000000000000e+03,2.005561440669142712e+03
1.627000000000000000e+03,2.009071057026929566e+03
1.628000000000000000e+03,2.008587881842915294e+03
1.629000000000000000e+03,2.044416586834886175e+03
1.630000000000000000e+03,2.008307457057356260e+03
1.631000000000000000e+03,2.045672872350847229e+03
1.632000000000000000e+03,2.007831627351335101e+03
1.633000000000000000e+03,2.007767901573089830e+03
1.634000000000000000e+03,2.002017224996722007e+03
1.635000000000000000e+03,2.000782488975783963e+03
1.636000000000000000e+03,2.006585114271992779e+03
1.637000000000000000e+03,2.011613756582515407e+03
1.638000000000000000e+03,2.018070271210171086e+03
1.639000000000000000e+03,2.005158655764252899e+03
1.640000000000000000e+03,2.013097952200673717e+03
1.641000000000000000e+03,2.035219827448778915e+03
1.642000000000000000e+03,2.006401857826258265e+03
1.643000000000000000e+03,2.033286188955235048e+03
1.644000000000000000e+03,2.021659659560473301e+03
1.645000000000000000e+03,2.007419523534597829e+03
1.646000000000000000e+03,2.020641454422917150e+03
1.647000000000000000e+03,2.006024594937094662e+03
1.648000000000000000e+03,2.003779783726838559e+03
1.649000000000000000e+03,2.008105204603436732e+03
1.650000000000000000e+03,2.005967618930248591e+03
1.651000000000000000e+03,2.005025058912310669e+03
1.652000000000000000e+03,1.976524052334751559e+03
1.653000000000000000e+03,2.009576628950381064e+03
1.654000000000000000e+03,2.031247301549217809e+03
1.655000000000000000e+03,2.005405258799616831e+03
1.656000000000000000e+03,2.008801038522653698e+03
1.657000000000000000e+03,2.011326506902973961e+03
1.658000000000000000e+03,2.003604233799708936e+03
1.659000000000000000e+03,2.003827953097348200e+03
1.660000000000000000e+03,2.007015438372891822e+03
1.661000000000000000e+03,2.010085784564430242e+03
1.662000000000000000e+03,2.004018967183652421e+03
1.663000000000000000e+03,2.013781133392055835e+03
1.664000000000000000e+03,2.028014745190161648e+03
1.665000000000000000e+03,2.013012707911648249e+03
1.666000000000000000e+03,2.007973487383932707e+03
1.667000000000000000e+03,2.003067385138364443e+03
1.668000000000000000e+03,2.001883948638429956e+03
1.669000000000000000e+03,2.010310891674654613e+03
1.670000000000000000e+03,2.011690291402795765e+03
1.671000000000000000e+03,2.006926531906118271e+03
1.672000000000000000e+03,2.009290774662921649e+03
1.673000000000000000e+03,2.010718814900831603e+03
1.674000000000000000e+03,2.010998096914081998e+03
1.675000000000000000e+03,2.054879630830374481e+03
1.676000000000000000e+03,2.032776187626455794e+03
1.677000000000000000e+03,2.005764833219009915e+03
1.678000000000000000e+03,2.029961613630206784e+03
1.679000000000000000e+03,1.995283909618557800e+03
1.680000000000000000e+03,1.362271285839729984e+01
1.681000000000000000e+03,2.004702138538000327e+03
1.682000000000000000e+03,2.009177450892606657e+03
1.683000000000000000e+03,2.012083184080660658e+03
1.684000000000000000e+03,2.006476405764487936e+03
1.685000000000000000e+03,2.015058807386837088e+03
1.686000000000000000e+03,2.012729557903743853e+03
1.687000000000000000e+03,2.029008328591136660e+03
1.688000000000000000e+03,2.049987758740749086e+03
1.689000000000000000e+03,2.002276004493131722e+03
1.690000000000000000e+03,2.022962318025475042e+03
1.691000000000000000e+03,2.009157249205072503e+03
1.692000000000000000e+03,2.013572047234461479e+03
1.693000000000000000e+03,2.007557903685742531e+03
1.694000000000000000e+03,2.054614601926850810e+03
1.695000000000000000e+03,2.008500494863569884e+03
1.696000000000000000e+03,2.042477352550579099e+03
1.697000000000000000e+03,2.025182367493049242e+03
1.698000000000000000e+03,2.041690844604509493e+03
1.699000000000000000e+03,2.005788341268389559e+03
1.700000000000000000e+03,2.005454478587168751e+03
1.701000000000000000e+03,2.009956325278535360e+03
1.702000000000000000e+03,2.008384992364708069e+03
1.703000000000000000e+03,2.010390613260332429e+03
1.704000000000000000e+03,2.004622217905203797e+03
1.705000000000000000e+03,2.003491299804781420e+03
1.706000000000000000e+03,2.006604215204153206e+03
1.707000000000000000e+03,2.007839966483916214e+03
1.708000000000000000e+03,2.003618605475468485e+03
1.709000000000000000e+03,2.007397126240629404e+03
1.710000000000000000e+03,2.004536164657924928e+03
1.711000000000000000e+03,2.009377427522879316e+03
1.712000000000000000e+03,2.006399298850970581e+03
1.713000000000000000e+03,2.004688213703846941e+03
1.714000000000000000e+03,2.007862371264413696e+03
1.715000000000000000e+03,2.017565961188124220e+03
1.716000000000000000e+03,2.012061416019128728e+03
1.717000000000000000e+03,2.008857951869757699e+03
1.718000000000000000e+03,2.014171261550708095e+03
1.719000000000000000e+03,2.004717211656558902e+03
1.720000000000000000e+03,2.183595463546003401e+01
1.721000000000000000e+03,2.013646402801050044e+03
1.722000000000000000e+03,2.009107901865546410e+03
1.723000000000000000e+03,2.004829417733930541e+03
1.724000000000000000e+03,2.005683396183812874e+03
1.725000000000000000e+03,2.014875857779744592e+03
1.726000000000000000e+03,2.016020048084533073e+03
1.727000000000000000e+03,2.004072498966572539e+03
1.728000000000000000e+03,2.012987289334770139e+03
1.729000000000000000e+03,9.522709591258674777e+01
1.730000000000000000e+03,2.004312714239876414e+03
1.731000000000000000e+03,2.006074322760889800e+03
1.732000000000000000e+03,2.007333692018139345e+03
1.733000000000000000e+03,3.822129241274987521e+01
1.734000000000000000e+03,2.014803573781750401e+03
1.735000000000000000e+03,2.009731017725494439e+03
1.736000000000000000e+03,2.044951188917475974e+03
1.737000000000000000e+03,2.010748955920571461e+03
1.738000000000000000e+03,2.050542352187571851e+03
1.739000000000000000e+03,2.026026939766539272e+03
1.740000000000000000e+03,2.012635475501978817e+03
1.741000000000000000e+03,2.004724023969204382e+03
1.742000000000000000e+03,2.003518996625330374e+03
1.743000000000000000e+03,2.014321296561914551e+03
1.744000000000000000e+03,2.008466300737736447e+03
1.745000000000000000e+03,2.009326345607652229e+03
1.746000000000000000e+03,2.009005155675709148e+03
1.747000000000000000e+03,2.012124935315567200e+03
1.748000000000000000e+03,2.035365377444385558e+03
1.749000000000000000e+03,2.004433140168793216e+03
1.750000000000000000e+03,1.111522929390536518e+01
1.751000000000000000e+03,2.011107671804561051e+03
1.752000000000000000e+03,2.009801143676519132e+03
1.753000000000000000e+03,2.005081141226763066e+03
1.754000000000000000e+03,2.002194221674447135e+03
1.755000000000000000e+03,2.011662969595171944e+03
1.756000000000000000e+03,2.003608030041493748e+03
1.757000000000000000e+03,2.012201898675772554e+03
1.758000000000000000e+03,2.010719635429597020e+03
1.759000000000000000e+03,2.007981683149722357e+03
1.760000000000000000e+03,2.006046033011527243e+03
1.761000000000000000e+03,2.007409624177567366e+03
1.762000000000000000e+03,2.005717090237850471e+03
1.763000000000000000e+03,2.005072090823642156e+03
1.764000000000000000e+03,2.026080114503953610e+03
1.765000000000000000e+03,2.015791960422772036e+03
1.766000000000000000e+03,2.002329587862298922e+03
1.767000000000000000e+03,1.995513199411655478e+03
1.768000000000000000e+03,2.037880601739833764e+03
1.769000000000000000e+03,2.007532802313441380e+03
1.770000000000000000e+03,1.348999525443643499e+01
1.771000000000000000e+03,2.006519780120815312e+03
1.772000000000000000e+03,2.009907293564778001e+03
1.773000000000000000e+03,2.042757420273840808e+03
1.774000000000000000e+03,2.001721622540022281e+03
1.775000000000000000e+03,2.006861661900096351e+03
1.776000000000000000e+03,2.015832317314407646e+03
1.777000000000000000e+03,2.005357919888429024e+03
1.778000000000000000e+03,1.503390018343990953e+01
1.779000000000000000e+03,2.008539760058150705e+03
1.780000000000000000e+03,2.006428673792467862e+03
1.781000000000000000e+03,2.695741187178158427e+01
1.782000000000000000e+03,2.010933300661688691e+03
1.783000000000000000e+03,2.018236695917173847e+03
1.784000000000000000e+03,2.012499147242247545e+03
1.785000000000000000e+03,2.017149062194513363e+03
1.786000000000000000e+03,2.010522819953959697e+03
1.787000000000000000e+03,2.001593799588915317e+03
1.788000000000000000e+03,2.021588698945272199e+03
1.789000000000000000e+03,2.038954626437089701e+03
1.790000000000000000e+03,2.008831568131687163e+03
1.791000000000000000e+03,2.015867545885023446e+03
1.792000000000000000e+03,2.006318176774870381e+03
1.793000000000000000e+03,2.027795943974723741e+03
1.794000000000000000e+03,2.002888167681699542e+03
1.795000000000000000e+03,2.004672472389121140e+03
1.796000000000000000e+03,2.010627976678856157e+03
1.797000000000000000e+03,2.035421447190714389e+03
1.798000000000000000e+03,2.017027483755102367e+03
1.799000000000000000e+03,2.010603030119511004e+03
1.800000000000000000e+03,2.003391058942286463e+03
1.801000000000000000e+03,-1.270385858173089488e+01
1.802000000000000000e+03,2.005675974666434286e+03
1.803000000000000000e+03,2.011213844186950837e+03
1.804000000000000000e+03,2.005689607011753651e+03
1.805000000000000000e+03,2.004019163185677598e+03
1.806000000000000000e+03,2.007595904762911459e+03
1.807000000000000000e+03,2.010690415224471053e+03
1.808000000000000000e+03,2.016911551112382085e+03
1.809000000000000000e+03,2.009997489081782533e+03
1.810000000000000000e+03,2.009917207977797034e+03
1.811000000000000000e+03,2.006736182069387951e+03
1.812000000000000000e+03,2.004171026309186800e+03
1.813000000000000000e+03,2.014345005900232309e+03
1.814000000000000000e+03,2.007881734854982142e+03
1.815000000000000000e+03,2.005467223165100222e+03
1.816000000000000000e+03,2.010394207395702097e+03
1.817000000000000000e+03,2.008517207676013641e+03
1.818000000000000000e+03,2.009158491684256887e+03
1.819000000000000000e+03,2.004770265496157208e+03
1.820000000000000000e+03,2.010496602918788085e+03
1.821000000000000000e+03,2.017996362943925078e+03
1.822000000000000000e+03,2.022756860623270995e+03
1.823000000000000000e+03,2.020974520895463456e+03
1.824000000000000000e+03,2.007691204300213940e+03
1.825000000000000000e+03,2.009155928916421544e+03
1.826000000000000000e+03,2.003836659361253396e+03
1.827000000000000000e+03,2.016303439276302470e+03
1.828000000000000000e+03,2.007380548439766017e+03
1.829000000000000000e+03,2.010875467711544388e+03
1.830000000000000000e+03,2.004063241439826697e+03
1.831000000000000000e+03,2.011329374905085160e+03
1.832000000000000000e+03,2.011398588489116491e+03
1.833000000000000000e+03,2.007318142902091722e+03
1.834000000000000000e+03,2.004029974138901935e+03
1.835000000000000000e+03,2.008187586534372940e+03
1.836000000000000000e+03,2.004438307950569879e+03
1.837000000000000000e+03,2.010133641886145597e+03
1.838000000000000000e+03,1.253123958739541166e+01
1.839000000000000000e+03,2.088562294171085341e+03
1.840000000000000000e+03,2.009136080010744536e+03
1.841000000000000000e+03,2.007108672910382211e+03
1.842000000000000000e+03,2.003062227546340182e+03
1.843000000000000000e+03,2.004768012064401546e+03
1.844000000000000000e+03,2.004925999228041974e+03
1.845000000000000000e+03,2.006698961510174513e+03
1.846000000000000000e+03,2.003342296751538925e+03
1.847000000000000000e+03,2.002646758009467248e+03
1.848000000000000000e+03,2.018549803255767756e+03
1.849000000000000000e+03,2.015176297638004598e+03
1.850000000000000000e+03,2.010269855477651163e+03
1.851000000000000000e+03,2.004432320798800902e+03
1.852000000000000000e+03,1.851630121114721916e+01
1.853000000000000000e+03,2.006076214161328153e+03
1.854000000000000000e+03,2.014330776846850767e+03
1.855000000000000000e+03,2.013240409804264573e+03
1.856000000000000000e+03,2.014763128445818438e+03
1.857000000000000000e+03,2.008095517848699501e+03
1.858000000000000000e+03,2.018002986324067706e+03
1.859000000000000000e+03,1.987979488999422301e+03
1.860000000000000000e+03,2.004867017847868055e+03
1.861000000000000000e+03,2.009799615024685181e+03
1.862000000000000000e+03,2.005015941813640211e+03
1.863000000000000000e+03,2.011145433736762470e+03
1.864000000000000000e+03,2.007597280268196755e+03
1.865000000000000000e+03,2.007833482439516047e+03
1.866000000000000000e+03,2.019012610555960464e+03
1.867000000000000000e+03,2.003985962533122574e+03
1.868000000000000000e+03,2.006398657466523218e+03
1.869000000000000000e+03,2.005475389249326554e+03
1.870000000000000000e+03,2.006584425691780552e+03
1.871000000000000000e+03,2.012861351486730882e+03
1.872000000000000000e+03,2.016930458156853319e+03
1.873000000000000000e+03,2.059379467699558063e+03
1.874000000000000000e+03,2.004749097737722423e+03
1.875000000000000000e+03,2.015748558864567030e+03
1.876000000000000000e+03,2.008746102913637287e+03
1.877000000000000000e+03,2.004045348415389981e+03
1.878000000000000000e+03,2.007962207351941515e+03
1.879000000000000000e+03,2.017512397470752148e+03
1.880000000000000000e+03,2.012046668356307009e+03
1.881000000000000000e+03,2.005218207250102751e+03
1.882000000000000000e+03,2.009117742153978043e+03
1.883000000000000000e+03,2.006448348199267230e+03
1.884000000000000000e+03,2.010352849480368377e+03
1.885000000000000000e+03,2.079756563844645370e+03
1.886000000000000000e+03,2.012281922428163625e+03
1.887000000000000000e+03,2.009401631943197344e+03
1.888000000000000000e+03,2.010734618045462184e+03
1.889000000000000000e+03,2.017223632775366013e+03
1.890000000000000000e+03,2.009012855500534670e+03
1.891000000000000000e+03,2.005229583193093504e+03
1.892000000000000000e+03,2.007524883327298312e+03
1.893000000000000000e+03,2.004153407221137286e+03
1.894000000000000000e+03,2.016756321226309183e+03
1.895000000000000000e+03,2.009852777319436200e+03
1.896000000000000000e+03,2.029703268945189620e+03
1.897000000000000000e+03,2.010981022998556682e+03
1.898000000000000000e+03,2.005049221144613512e+03
1.899000000000000000e+03,2.005506889233784477e+03
1.900000000000000000e+03,2.010004138315647879e+03
1.901000000000000000e+03,2.012429177023816010e+03
1.902000000000000000e+03,2.004021026234493547e+03
1.903000000000000000e+03,2.005834653213318234e+03
1.904000000000000000e+03,2.013301227093875241e+03
1.905000000000000000e+03,2.007847694564117319e+03
1.906000000000000000e+03,2.006319643226283006e+03
1.907000000000000000e+03,2.011217818797717882e+03
1.908000000000000000e+03,2.011868881881652214e+03
1.909000000000000000e+03,2.012106498838184734e+03
1.910000000000000000e+03,2.009832812227516797e+03
1.911000000000000000e+03,2.005097992274354510e+03
1.912000000000000000e+03,2.009697968409112946e+03
1.913000000000000000e+03,2.009101002608031649e+03
1.914000000000000000e+03,2.006153274535314949e+03
1.915000000000000000e+03,2.007359265211583534e+03
1.916000000000000000e+03,2.007924475921088288e+03
1.917000000000000000e+03,2.009456107152763025e+03
1.918000000000000000e+03,1.991343879983112629e+03
1.919000000000000000e+03,2.006639498095971476e+03
1.920000000000000000e+03,2.007166298359099073e+03
1.921000000000000000e+03,2.007887526066563851e+03
1.922000000000000000e+03,2.004333558169603066e+03
1.923000000000000000e+03,2.009417911420829114e+03
1.924000000000000000e+03,2.006141861551692045e+03
1.925000000000000000e+03,2.009359981275243399e+03
1.926000000000000000e+03,2.002343707930266191e+03
1.927000000000000000e+03,2.006667694716735241e+03
1.928000000000000000e+03,2.012053326331801145e+03
1.929000000000000000e+03,2.005712474206922707e+03
1.930000000000000000e+03,2.016107338270509672e+03
1.931000000000000000e+03,2.010404676946632208e+03
1.932000000000000000e+03,2.049649384543298311e+03
1.933000000000000000e+03,2.006076957266981026e+03
1.934000000000000000e+03,2.002579477494715775e+03
1.935000000000000000e+03,2.006010275787750516e+03
1.936000000000000000e+03,2.012349236403746090e+03
1.937000000000000000e+03,2.005384882619171776e+03
1.938000000000000000e+03,2.016527789923952469e+03
1.939000000000000000e+03,2.020180589766169760e+03
1.940000000000000000e+03,2.009672806955817805e+03
1.941000000000000000e+03,2.011981655298848182e+03
1.942000000000000000e+03,2.005273370514563339e+03
1.943000000000000000e+03,2.005816522720086368e+03
1.944000000000000000e+03,2.010936891393947008e+03
1.945000000000000000e+03,2.010575637748111376e+03
1.946000000000000000e+03,2.006622007594668048e+03
1.947000000000000000e+03,2.004621376893411934e+03
1.948000000000000000e+03,2.008534110544788291e+03
1.949000000000000000e+03,2.006995161051755758e+03
1.950000000000000000e+03,2.008128779478164233e+03
1.951000000000000000e+03,1.998807854560777514e+03
1.952000000000000000e+03,2.004074955407039170e+03
1.953000000000000000e+03,2.007956366666619942e+03
1.954000000000000000e+03,2.004922602053987703e+03
1.955000000000000000e+03,2.003739043958283673e+03
1.956000000000000000e+03,2.008457690960376567e+03
1.957000000000000000e+03,2.029205315418204236e+03
1.958000000000000000e+03,2.006770842485053208e+03
1.959000000000000000e+03,2.003777469221838146e+03
1.960000000000000000e+03,2.006640613109662581e+03
1.961000000000000000e+03,2.003379993394345092e+03
1.962000000000000000e+03,2.005065056080487011e+03
1.963000000000000000e+03,2.012813347582013193e+03
1.964000000000000000e+03,2.011783858703248370e+03
1.965000000000000000e+03,2.007023685462358571e+03
1.966000000000000000e+03,2.007782695331526838e+03
1.967000000000000000e+03,2.025706077339031935e+03
1.968000000000000000e+03,2.009697822104689749e+03
1.969000000000000000e+03,2.012219004376458997e+03
1.970000000000000000e+03,2.012724736544883854e+03
1.971000000000000000e+03,2.009292834455036427e+03
1.972000000000000000e+03,2.008764068598583208e+03
1.973000000000000000e+03,2.008462039584194827e+03
1.974000000000000000e+03,2.012331634854290314e+03
1.975000000000000000e+03,2.005994303705280572e+03
1.976000000000000000e+03,2.018522508467055331e+03
1.977000000000000000e+03,2.014701746204984374e+03
1.978000000000000000e+03,2.008441921514418482e+03
1.979000000000000000e+03,2.012609973930937258e+03
1.980000000000000000e+03,2.007977818948357026e+03
1.981000000000000000e+03,2.009829324621038950e+03
1.982000000000000000e+03,2.009414040189714797e+03
1.983000000000000000e+03,2.006677262639107994e+03
1.984000000000000000e+03,2.017226689578327068e+03
1.985000000000000000e+03,2.007544299639974497e+03
1.986000000000000000e+03,2.007526332290665096e+03
1.987000000000000000e+03,1.908419542254465114e+03
1.988000000000000000e+03,2.008977295626013074e+03
1.989000000000000000e+03,2.008596144735315647e+03
1.990000000000000000e+03,2.009978247187942998e+03
1.991000000000000000e+03,2.012160545596613247e+03
1.992000000000000000e+03,2.005935907991708291e+03
1.993000000000000000e+03,2.006084811462539392e+03
1.994000000000000000e+03,2.003366308785637329e+03
1.995000000000000000e+03,1.992014807958151778e+03
1.996000000000000000e+03,2.008491198904473777e+03
1.997000000000000000e+03,2.013515625331559932e+03
1.998000000000000000e+03,2.010974286072419545e+03
1.999000000000000000e+03,2.012296130989401945e+03
2.000000000000000000e+03,2.006795921648142439e+03
2.001000000000000000e+03,2.005046903012638495e+03
2.002000000000000000e+03,2.004930269284241831e+03
2.003000000000000000e+03,2.011122373007340229e+03
2.004000000000000000e+03,2.028586562309842975e+03
2.005000000000000000e+03,2.006339677924385114e+03
2.006000000000000000e+03,2.008019182405471838e+03
2.007000000000000000e+03,2.012434158421895518e+03
2.008000000000000000e+03,2.007824892953307199e+03
2.009000000000000000e+03,2.014859459805568576e+03
2.010000000000000000e+03,2.011071749477825506e+03
2.011000000000000000e+03,2.004818792805154771e+03
2.012000000000000000e+03,2.011873480159261135e+03
2.013000000000000000e+03,2.008526436149367555e+03
2.014000000000000000e+03,2.005496640296152464e+03
2.015000000000000000e+03,2.014344717739546013e+03
2.016000000000000000e+03,2.015789563397645907e+03
2.017000000000000000e+03,2.011622005858578859e+03
2.018000000000000000e+03,2.008208306615622405e+03
2.019000000000000000e+03,2.008754129437743813e+03
2.020000000000000000e+03,2.002428057266401993e+03
2.021000000000000000e+03,2.006256457134189986e+03
2.022000000000000000e+03,2.014461472955928002e+03
2.023000000000000000e+03,2.009291696672678427e+03
2.024000000000000000e+03,2.008017879558982486e+03
2.025000000000000000e+03,2.004314223710256783e+03
2.026000000000000000e+03,2.005123218662818999e+03
2.027000000000000000e+03,2.028423369930659192e+03
2.028000000000000000e+03,2.005859362919463365e+03
2.029000000000000000e+03,2.008298261451635199e+03
2.030000000000000000e+03,2.004191582542832066e+03
2.031000000000000000e+03,2.013966494178024277e+03
2.032000000000000000e+03,2.009317656404555919e+03
2.033000000000000000e+03,2.006927861614197809e+03
2.034000000000000000e+03,2.004389701676331242e+03
2.035000000000000000e+03,2.012427050300319252e+03
2.036000000000000000e+03,2.006547111525989067e+03
2.037000000000000000e+03,2.002524710655240142e+03
2.038000000000000000e+03,2.013128678922296103e+03
2.039000000000000000e+03,2.008765153658854615e+03
2.040000000000000000e+03,2.003218474946875176e+03
2.041000000000000000e+03,2.008038213346041402e+03
2.042000000000000000e+03,2.006239939810507394e+03
2.043000000000000000e+03,2.011303303333153735e+03
2.044000000000000000e+03,2.005730452962488016e+03
2.045000000000000000e+03,2.003562573710769357e+03
2.046000000000000000e+03,2.012279835338071280e+03
2.047000000000000000e+03,2.039176525730334106e+03
2.048000000000000000e+03,2.011102791199454714e+03
2.049000000000000000e+03,2.005955703458309472e+03
2.050000000000000000e+03,2.003067052830434704e+03
2.051000000000000000e+03,2.012108406985819556e+03
2.052000000000000000e+03,2.007520653276458461e+03
2.053000000000000000e+03,2.017982012457287965e+03
2.054000000000000000e+03,2.007280603954150138e+03
2.055000000000000000e+03,2.008745878697170383e+03
2.056000000000000000e+03,2.008137056010469905e+03
2.057000000000000000e+03,2.012439318318571168e+03
2.058000000000000000e+03,2.021461997578420551e+03
2.059000000000000000e+03,2.016510151786047345e+03
2.060000000000000000e+03,2.013853452558745630e+03
2.061000000000000000e+03,2.002557518136536828e+03
2.062000000000000000e+03,2.005293211813104790e+03
2.063000000000000000e+03,2.013924899497054184e+03
2.064000000000000000e+03,1.833919802874245164e+01
2.065000000000000000e+03,2.024837445301498747e+03
2.066000000000000000e+03,2.009307800523910828e+03
2.067000000000000000e+03,2.006442825384894604e+03
2.068000000000000000e+03,2.009968355071205451e+03
2.069000000000000000e+03,2.014209862716264979e+03
2.070000000000000000e+03,2.009892144196641084e+03
2.071000000000000000e+03,2.017111722255855739e+03
2.072000000000000000e+03,2.012675841277701693e+03
2.073000000000000000e+03,1.995614571863979791e+03
2.074000000000000000e+03,2.010408210041489383e+03
2.075000000000000000e+03,2.012601345239974762e+03
2.076000000000000000e+03,2.005792642960206649e+03
2.077000000000000000e+03,2.008771121015467543e+03
2.078000000000000000e+03,2.011569648692353212e+03
2.079000000000000000e+03,2.011322501268045244e+03
2.080000000000000000e+03,2.035227610238175885e+03
2.081000000000000000e+03,2.009872577914592739e+03
2.082000000000000000e+03,2.005843968563663793e+03
2.083000000000000000e+03,-1.927837956489528040e+02
2.084000000000000000e+03,2.019216377374734975e+03
2.085000000000000000e+03,-2.064402751495219945e+02
2.086000000000000000e+03,8.129192519737429734e+00
2.087000000000000000e+03,2.011853371866807493e+03
2.088000000000000000e+03,-2.595168910674657070e+01
2.089000000000000000e+03,2.010446405202806091e+03
2.090000000000000000e+03,-6.301033104204546653e+00
2.091000000000000000e+03,-2.861618224506636210e+01
2.092000000000000000e+03,-2.018321951370094496e+02
2.093000000000000000e+03,2.004831473797122726e+03
2.094000000000000000e+03,2.017644920817441744e+03
2.095000000000000000e+03,2.010116194466296520e+03
2.096000000000000000e+03,2.004456689784844684e+03
2.097000000000000000e+03,2.004527312301032907e+03
2.098000000000000000e+03,2.013072968335407495e+03
2.099000000000000000e+03,2.012535808248966987e+03
2.100000000000000000e+03,2.012335406665837354e+03
2.101000000000000000e+03,2.007078042651412716e+03
2.102000000000000000e+03,2.003321217168851490e+03
2.103000000000000000e+03,2.010070417077331967e+03
2.104000000000000000e+03,2.010105783435995818e+03
2.105000000000000000e+03,2.003121639018947917e+03
2.106000000000000000e+03,2.013994205779905315e+03
2.107000000000000000e+03,2.007097919751588506e+03
2.108000000000000000e+03,2.012594026692268471e+03
2.109000000000000000e+03,2.010622010316951446e+03
2.110000000000000000e+03,2.017665799782251497e+03
2.111000000000000000e+03,2.003709409036936222e+03
2.112000000000000000e+03,2.038182408691299997e+03
2.113000000000000000e+03,2.005569867451120217e+03
2.114000000000000000e+03,2.007230987242335004e+03
2.115000000000000000e+03,2.008575146330479583e+03
2.116000000000000000e+03,2.005316322302540584e+03
2.117000000000000000e+03,2.029462322315816436e+03
2.118000000000000000e+03,2.011858030317786188e+03
2.119000000000000000e+03,-2.573312805140531054e+02
2.120000000000000000e+03,2.008725856919912076e+03
2.121000000000000000e+03,2.015340768793414782e+03
2.122000000000000000e+03,2.019035563083868055e+03
2.123000000000000000e+03,2.059329157879545164e+03
2.124000000000000000e+03,2.009313024791297266e+03
2.125000000000000000e+03,2.015020105200401986e+03
2.126000000000000000e+03,2.041251519276592262e+03
2.127000000000000000e+03,-2.287363482216321700e+02
2.128000000000000000e+03,2.008095545813285753e+03
2.129000000000000000e+03,2.005967209503486174e+03
2.130000000000000000e+03,2.003367925985618513e+03
2.131000000000000000e+03,2.016449317148755426e+03
2.132000000000000000e+03,2.009561601041375525e+03
2.133000000000000000e+03,2.007656198526359503e+03
2.134000000000000000e+03,2.008973826402624582e+03
2.135000000000000000e+03,2.002678189205087619e+03
2.136000000000000000e+03,2.011920651757639007e+03
2.137000000000000000e+03,2.028349249514357780e+03
2.138000000000000000e+03,2.004060214517388204e+03
2.139000000000000000e+03,2.018432371841546001e+03
2.140000000000000000e+03,2.017208891719539906e+03
2.141000000000000000e+03,2.007454533356260981e+03
2.142000000000000000e+03,2.026257895512392906e+03
2.143000000000000000e+03,2.008702568501599217e+03
2.144000000000000000e+03,2.009500724919319282e+03
2.145000000000000000e+03,2.008930412010329519e+03
2.146000000000000000e+03,2.005742504175735121e+03
2.147000000000000000e+03,2.003390108583638721e+03
2.148000000000000000e+03,2.021468426857822351e+03
2.149000000000000000e+03,2.006827610858666503e+03
2.150000000000000000e+03,2.004000244502636406e+03
2.151000000000000000e+03,2.004780500696336958e+03
2.152000000000000000e+03,2.008244439327168038e+03
2.153000000000000000e+03,2.006663587309176137e+03
2.154000000000000000e+03,2.009671847957044974e+03
2.155000000000000000e+03,2.010135568122189397e+03
2.156000000000000000e+03,2.005868071561906390e+03
2.157000000000000000e+03,2.006150990413868385e+03
2.158000000000000000e+03,2.011088217474780322e+03
2.159000000000000000e+03,2.019574235031115677e+03
2.160000000000000000e+03,2.005938505257294537e+03
2.161000000000000000e+03,2.003642812909981558e+03
2.162000000000000000e+03,2.005594907293205551e+03
2.163000000000000000e+03,2.003267528182519300e+03
2.164000000000000000e+03,2.009267691005158213e+03
2.165000000000000000e+03,2.005418256414243388e+03
2.166000000000000000e+03,2.015890953622582174e+03
2.167000000000000000e+03,2.013460337652376893e+03
2.168000000000000000e+03,2.002488552937024679e+03
2.169000000000000000e+03,2.016266516944679779e+03
2.170000000000000000e+03,2.003674768409945955e+03
2.171000000000000000e+03,-7.423989972829537543e+00
2.172000000000000000e+03,2.005940329725445281e+03
2.173000000000000000e+03,2.001867301857709435e+03
2.174000000000000000e+03,2.002810961907159708e+03
2.175000000000000000e+03,2.004166590279929778e+03
2.176000000000000000e+03,2.005204673058826529e+03
2.177000000000000000e+03,2.005731764425179790e+03
2.178000000000000000e+03,2.014197273717684538e+03
2.179000000000000000e+03,2.005123776349893433e+03
2.180000000000000000e+03,2.003086979223809749e+03
2.181000000000000000e+03,2.009184214438033450e+03
2.182000000000000000e+03,2.029176238346003629e+03
2.183000000000000000e+03,2.007276177372695201e+03
2.184000000000000000e+03,2.010739864189138643e+03
2.185000000000000000e+03,2.010909804744529538e+03
2.186000000000000000e+03,2.002144491849280485e+03
2.187000000000000000e+03,2.012334196065018205e+03
2.188000000000000000e+03,2.006780709789464481e+03
2.189000000000000000e+03,2.009509461310611186e+03
2.190000000000000000e+03,2.011391813966585005e+03
2.191000000000000000e+03,2.010006001523643818e+03
2.192000000000000000e+03,2.004818418300945496e+03
2.193000000000000000e+03,2.003665045120742661e+03
2.194000000000000000e+03,2.011921378438353713e+03
2.195000000000000000e+03,2.005020962020420711e+03
2.196000000000000000e+03,2.008154375848864220e+03
2.197000000000000000e+03,2.004197385778402349e+03
2.198000000000000000e+03,2.010483305750352201e+03
2.199000000000000000e+03,2.013396658007996166e+03
2.200000000000000000e+03,2.011725127040235748e+03
2.201000000000000000e+03,2.007160145166475331e+03
2.202000000000000000e+03,2.005229049506517867e+03
2.203000000000000000e+03,2.006765734749508738e+03
2.204000000000000000e+03,2.010713595311606923e+03
2.205000000000000000e+03,2.012819568977834024e+03
2.206000000000000000e+03,2.005421639473451023e+03
2.207000000000000000e+03,2.006883170002383622e+03
2.208000000000000000e+03,2.001472830775506281e+03
2.209000000000000000e+03,2.004563178215409152e+03
2.210000000000000000e+03,2.011034481343996049e+03
2.211000000000000000e+03,2.014418716499471202e+03
2.212000000000000000e+03,2.034463376355487298e+03
2.213000000000000000e+03,2.003377866992180998e+03
2.214000000000000000e+03,2.003534783391497285e+03
2.215000000000000000e+03,2.005700699620154637e+03
2.216000000000000000e+03,2.010495971942027154e+03
2.217000000000000000e+03,2.007371973535356574e+03
2.218000000000000000e+03,2.009084567143173672e+03
2.219000000000000000e+03,2.007327917009220073e+03
2.220000000000000000e+03,2.005945472786703704e+03
2.221000000000000000e+03,2.006539737685070804e+03
2.222000000000000000e+03,2.006804660988450223e+03
2.223000000000000000e+03,2.007514597647612618e+03
2.224000000000000000e+03,2.011549658732398029e+03
2.225000000000000000e+03,2.005823198861646915e+03
2.226000000000000000e+03,2.017379434303333028e+03
2.227000000000000000e+03,2.016743550895358794e+03
2.228000000000000000e+03,2.005195998989646341e+03
2.229000000000000000e+03,2.007645945260309873e+03
2.230000000000000000e+03,2.003487680531428168e+03
2.231000000000000000e+03,2.000415347714058498e+03
2.232000000000000000e+03,2.045914642749484528e+03
2.233000000000000000e+03,2.001490552219345091e+03
2.234000000000000000e+03,2.002821479482469158e+03
2.235000000000000000e+03,2.006039085477043727e+03
2.236000000000000000e+03,2.012253944227870534e+03
2.237000000000000000e+03,2.010915057686644332e+03
2.238000000000000000e+03,2.011379639443891165e+03
2.239000000000000000e+03,2.009439269641507963e+03
2.240000000000000000e+03,2.006040817150080102e+03
2.241000000000000000e+03,2.006770676968479165e+03
2.242000000000000000e+03,2.007255645283362355e+03
2.243000000000000000e+03,2.009581033885797751e+03
2.244000000000000000e+03,2.005818580816711801e+03
2.245000000000000000e+03,2.009152977765417290e+03
2.246000000000000000e+03,2.007162107000787046e+03
2.247000000000000000e+03,2.006588667587464215e+03
2.248000000000000000e+03,2.006242594348965213e+03
2.249000000000000000e+03,2.005411935352392447e+03
2.250000000000000000e+03,2.010754710425147323e+03
2.251000000000000000e+03,2.021695570479738535e+03
2.252000000000000000e+03,2.005273449553164482e+03
2.253000000000000000e+03,2.005078004340113239e+03
2.254000000000000000e+03,2.009589340225080605e+03
2.255000000000000000e+03,2.067303966162356119e+03
2.256000000000000000e+03,2.022504221995911621e+03
2.257000000000000000e+03,2.008336090626087071e+03
2.258000000000000000e+03,2.010089426955367799e+03
2.259000000000000000e+03,2.018111551441847723e+03
2.260000000000000000e+03,2.006852362408662202e+03
2.261000000000000000e+03,2.004643268372433567e+03
2.262000000000000000e+03,2.004266943546841730e+03
2.263000000000000000e+03,2.009216501720724636e+03
2.264000000000000000e+03,1.999525450414254010e+03
2.265000000000000000e+03,2.007008755554039453e+03
2.266000000000000000e+03,2.017361051264094385e+03
2.267000000000000000e+03,2.008889646397451088e+03
2.268000000000000000e+03,2.015463447436867682e+03
2.269000000000000000e+03,2.007978373460231978e+03
2.270000000000000000e+03,2.011032523803016375e+03
2.271000000000000000e+03,2.006693304743933140e+03
2.272000000000000000e+03,2.008106642288169724e+03
2.273000000000000000e+03,2.021867113117448753e+03
2.274000000000000000e+03,2.009018936342321012e+03
2.275000000000000000e+03,2.058546119709001687e+03
2.276000000000000000e+03,2.005814111415368416e+03
2.277000000000000000e+03,2.019407993687785847e+03
2.278000000000000000e+03,2.005972497695219317e+03
2.279000000000000000e+03,2.006722971895165529e+03
2.280000000000000000e+03,2.013490221300138501e+03
2.281000000000000000e+03,2.006780236031867162e+03
2.282000000000000000e+03,2.018612536977161199e+03
2.283000000000000000e+03,2.007272066540996093e+03
2.284000000000000000e+03,2.009882059224498107e+03
2.285000000000000000e+03,2.010738760495543147e+03
2.286000000000000000e+03,2.007826724047869902e+03
2.287000000000000000e+03,2.005192095858583343e+03
2.288000000000000000e+03,2.006100280543877489e+03
2.289000000000000000e+03,1.947337702838951827e+03
2.290000000000000000e+03,2.020445668594189556e+03
2.291000000000000000e+03,2.011769874264605733e+03
2.292000000000000000e+03,2.009382586781509644e+03
2.293000000000000000e+03,2.011209576441783611e+03
2.294000000000000000e+03,2.009937897478453124e+03
2.295000000000000000e+03,2.015396311542135663e+03
2.296000000000000000e+03,2.016626951486708549e+03
2.297000000000000000e+03,2.007070446858665036e+03
2.298000000000000000e+03,2.005078018818941473e+03
2.299000000000000000e+03,2.005998290710464289e+03
2.300000000000000000e+03,2.005705997770274962e+03
2.301000000000000000e+03,2.007558235998816144e+03
2.302000000000000000e+03,2.007843032155193441e+03
2.303000000000000000e+03,2.007465644720587306e+03
2.304000000000000000e+03,2.012049271571182317e+03
2.305000000000000000e+03,2.006910064799460088e+03
2.306000000000000000e+03,2.008236757494895073e+03
2.307000000000000000e+03,2.005132943087049625e+03
2.308000000000000000e+03,2.006369057493039236e+03
2.309000000000000000e+03,2.006903463990537148e+03
2.310000000000000000e+03,1.994408282218721297e+03
2.311000000000000000e+03,2.016750315338132623e+03
2.312000000000000000e+03,2.009070422668082529e+03
2.313000000000000000e+03,2.011055597003959747e+03
2.314000000000000000e+03,2.003144717193286624e+03
2.315000000000000000e+03,2.003027779371227325e+03
2.316000000000000000e+03,2.011619740256087880e+03
2.317000000000000000e+03,2.009724941376110337e+03
2.318000000000000000e+03,2.005904005706085627e+03
2.319000000000000000e+03,2.009322724958321260e+03
2.320000000000000000e+03,2.035193238254676317e+03
2.321000000000000000e+03,2.016527857488970085e+03
2.322000000000000000e+03,2.010581951709084251e+03
2.323000000000000000e+03,2.003131626548249869e+03
2.324000000000000000e+03,2.010659320822867585e+03
2.325000000000000000e+03,2.011828341092681967e+03
2.326000000000000000e+03,2.006389424951772753e+03
2.327000000000000000e+03,2.006565023205681427e+03
2.328000000000000000e+03,2.010390447240474714e+03
2.329000000000000000e+03,2.010890308074508312e+03
2.330000000000000000e+03,2.003435610403495957e+03
2.331000000000000000e+03,2.008858626415702474e+03
2.332000000000000000e+03,2.008066572114780456e+03
2.333000000000000000e+03,2.004552746238316104e+03
2.334000000000000000e+03,2.019800736268696028e+03
2.335000000000000000e+03,2.005955754178460211e+03
2.336000000000000000e+03,2.005903282837506595e+03
2.337000000000000000e+03,2.009790825679820273e+03
2.338000000000000000e+03,2.006478806720940156e+03
2.339000000000000000e+03,2.010613838781387813e+03
2.340000000000000000e+03,2.012052669688876222e+03
2.341000000000000000e+03,2.009592293551440889e+03
2.342000000000000000e+03,2.005575660461743837e+03
2.343000000000000000e+03,2.011378185740685240e+03
2.344000000000000000e+03,2.008487214122078967e+03
2.345000000000000000e+03,2.013443637806543848e+03
2.346000000000000000e+03,2.006388434316079383e+03
2.347000000000000000e+03,2.008357748411523517e+03
2.348000000000000000e+03,2.002765139782000233e+03
2.349000000000000000e+03,2.016943973664260056e+03
2.350000000000000000e+03,2.004268050292810130e+03
2.351000000000000000e+03,2.009323468680303222e+03
2.352000000000000000e+03,2.003008905209929026e+03
2.353000000000000000e+03,2.015468446442010645e+03
2.354000000000000000e+03,2.016457723080629876e+03
2.355000000000000000e+03,2.006720235052934186e+03
2.356000000000000000e+03,2.003264098100231195e+03
2.357000000000000000e+03,2.006171359431225028e+03
2.358000000000000000e+03,2.009370829107836698e+03
2.359000000000000000e+03,2.011057736361464322e+03
2.360000000000000000e+03,2.009649731795982916e+03
2.361000000000000000e+03,2.011700890306779229e+03
2.362000000000000000e+03,2.005710174843821051e+03
2.363000000000000000e+03,2.008305680306121531e+03
2.364000000000000000e+03,2.007446047269408837e+03
2.365000000000000000e+03,2.005961497722050808e+03
2.366000000000000000e+03,2.011237992701727762e+03
2.367000000000000000e+03,2.008220104810852263e+03
2.368000000000000000e+03,2.008960035235180840e+03
2.369000000000000000e+03,2.007952548233396328e+03
2.370000000000000000e+03,1.015385401076591521e+01
2.371000000000000000e+03,2.007955327318768241e+03
2.372000000000000000e+03,2.004482619200395902e+03
2.373000000000000000e+03,2.009823024585465191e+03
2.374000000000000000e+03,2.008400731044707072e+03
2.375000000000000000e+03,2.022626380746535688e+03
2.376000000000000000e+03,2.014270384949379832e+03
2.377000000000000000e+03,2.011774243648277661e+03
2.378000000000000000e+03,2.005962524223312812e+03
2.379000000000000000e+03,2.008752347010797848e+03
2.380000000000000000e+03,2.002955678250505571e+03
2.381000000000000000e+03,2.020901113061488104e+03
2.382000000000000000e+03,2.003596066120033811e+03
2.383000000000000000e+03,2.014696137468586357e+03
2.384000000000000000e+03,2.003554272506194820e+03
2.385000000000000000e+03,2.061665108549152137e+03
2.386000000000000000e+03,2.018601672162268869e+03
2.387000000000000000e+03,2.002368354313657619e+03
2.388000000000000000e+03,2.004203011088261519e+03
2.389000000000000000e+03,2.008135603341956312e+03
2.390000000000000000e+03,2.007434893511980135e+03
2.391000000000000000e+03,1.995757019767406746e+03
2.392000000000000000e+03,2.012311458124256433e+03
2.393000000000000000e+03,2.004500433710254356e+03
2.394000000000000000e+03,2.004698114031263913e+03
2.395000000000000000e+03,2.019595601046457205e+03
2.396000000000000000e+03,2.005758006298617602e+03
2.397000000000000000e+03,2.010511368607949635e+03
2.398000000000000000e+03,2.018940763872003117e+03
2.399000000000000000e+03,2.005387265656890122e+03
2.400000000000000000e+03,1.704412832535581401e+01
2.401000000000000000e+03,2.009078360976732711e+03
2.402000000000000000e+03,2.004437788865053562e+03
2.403000000000000000e+03,2.009914974161794589e+03
2.404000000000000000e+03,2.022705624882318716e+03
2.405000000000000000e+03,2.010772600313291377e+03
2.406000000000000000e+03,2.018403035887474744e+03
2.407000000000000000e+03,2.003704198204179193e+03
2.408000000000000000e+03,2.002181290001633215e+03
2.409000000000000000e+03,2.007977258661737096e+03
2.410000000000000000e+03,2.007812310567351915e+03
2.411000000000000000e+03,2.012976819294498455e+03
2.412000000000000000e+03,2.014319000214439257e+03
2.413000000000000000e+03,2.007477178822044380e+03
2.414000000000000000e+03,2.003343476327921508e+03
2.415000000000000000e+03,2.010308530654717288e+03
2.416000000000000000e+03,2.012542766737939928e+03
2.417000000000000000e+03,2.007611778304926020e+03
2.418000000000000000e+03,2.004620743189891073e+03
2.419000000000000000e+03,2.010553668469067361e+03
2.420000000000000000e+03,2.002203889791919210e+03
2.421000000000000000e+03,2.007523734550574318e+03
2.422000000000000000e+03,2.008701990774836077e+03
2.423000000000000000e+03,2.010338750872325136e+03
2.424000000000000000e+03,2.009413215650085704e+03
2.425000000000000000e+03,2.002327617105523132e+03
2.426000000000000000e+03,2.002119255096074767e+03
2.427000000000000000e+03,2.003459005923967879e+03
2.428000000000000000e+03,2.010512325710762980e+03
2.429000000000000000e+03,2.016603586275996577e+03
2.430000000000000000e+03,2.010925577271863858e+03
2.431000000000000000e+03,2.009599375520738704e+03
2.432000000000000000e+03,2.008465603506065690e+03
2.433000000000000000e+03,2.005036401370912017e+03
2.434000000000000000e+03,2.008790052890964262e+03
2.435000000000000000e+03,2.003529391311847121e+03
2.436000000000000000e+03,2.010547337782734530e+03
2.437000000000000000e+03,2.004341204507729799e+03
2.438000000000000000e+03,2.007139630557569262e+03
2.439000000000000000e+03,2.007758155374491025e+03
2.440000000000000000e+03,2.007790516281606187e+03
2.441000000000000000e+03,2.014987322432947849e+03
2.442000000000000000e+03,2.010937003870129047e+03
2.443000000000000000e+03,2.012383570868065817e+03
2.444000000000000000e+03,2.011109839153910343e+03
2.445000000000000000e+03,2.004454216159439738e+03
2.446000000000000000e+03,2.009246320749809001e+03
2.447000000000000000e+03,2.004526729946475598e+03
2.448000000000000000e+03,2.010121366817869330e+03
2.449000000000000000e+03,2.029322792278444240e+03
2.450000000000000000e+03,2.008976278034793495e+03
2.451000000000000000e+03,2.004660668831757675e+03
2.452000000000000000e+03,2.006307403147508694e+03
2.453000000000000000e+03,2.003168698510743980e+03
2.454000000000000000e+03,2.005155164732328331e+03
2.455000000000000000e+03,2.005870934484870986e+03
2.456000000000000000e+03,2.008846306459993230e+03
2.457000000000000000e+03,2.004621516828788344e+03
2.458000000000000000e+03,2.006989695582781451e+03
2.459000000000000000e+03,2.005719347135316866e+03
2.460000000000000000e+03,2.003449993610614229e+03
2.461000000000000000e+03,2.011333841397247625e+03
2.462000000000000000e+03,2.008554153108831997e+03
2.463000000000000000e+03,2.004216819603578870e+03
2.464000000000000000e+03,2.008196648493044449e+03
2.465000000000000000e+03,2.005141911606995563e+03
2.466000000000000000e+03,2.015078467604945672e+03
2.467000000000000000e+03,2.017149764695425574e+03
2.468000000000000000e+03,2.012030996878718497e+03
2.469000000000000000e+03,2.004366316308799242e+03
2.470000000000000000e+03,2.010954133503964840e+03
2.471000000000000000e+03,2.005920545508198984e+03
2.472000000000000000e+03,2.008067943377447364e+03
2.473000000000000000e+03,2.005746911104812398e+03
2.474000000000000000e+03,2.002968452359207276e+03
2.475000000000000000e+03,2.012905813519320191e+03
2.476000000000000000e+03,2.008060833929521777e+03
2.477000000000000000e+03,2.005266072250403568e+03
2.478000000000000000e+03,2.007529936017004047e+03
2.479000000000000000e+03,2.003226989548973279e+03
2.480000000000000000e+03,2.012933131713828061e+03
2.481000000000000000e+03,2.003801470886246534e+03
2.482000000000000000e+03,2.009686890981599618e+03
2.483000000000000000e+03,2.015339152827250700e+03
2.484000000000000000e+03,2.015443602145784553e+03
2.485000000000000000e+03,2.002640154206957050e+03
2.486000000000000000e+03,2.024843049829575648e+03
2.487000000000000000e+03,2.009858465099099931e+03
2.488000000000000000e+03,2.005348410529684315e+03
2.489000000000000000e+03,2.004603817216822335e+03
2.490000000000000000e+03,2.005653570754507882e+03
2.491000000000000000e+03,2.006120113201546474e+03
2.492000000000000000e+03,2.014180709471469754e+03
2.493000000000000000e+03,2.004991943841441525e+03
2.494000000000000000e+03,2.008814417486784350e+03
2.495000000000000000e+03,2.001540835585908326e+03
2.496000000000000000e+03,2.005683466973291161e+03
2.497000000000000000e+03,2.006834731426552707e+03
2.498000000000000000e+03,2.028642551171321657e+03
2.499000000000000000e+03,2.008194006166947929e+03
2.500000000000000000e+03,2.005900625702760181e+03
2.501000000000000000e+03,2.006795020620772675e+03
2.502000000000000000e+03,2.012362718647508245e+03
2.503000000000000000e+03,2.009311315762940239e+03
2.504000000000000000e+03,2.003560521813732976e+03
2.505000000000000000e+03,2.003330020474120147e+03
2.506000000000000000e+03,2.011083237309207561e+03
2.507000000000000000e+03,2.021542661441018254e+03
2.508000000000000000e+03,2.005827754847442520e+03
2.509000000000000000e+03,7.899702366020754596e+00
2.510000000000000000e+03,2.058119600098922092e+03
2.511000000000000000e+03,2.012294958952420075e+03
2.512000000000000000e+03,2.014173035673015193e+03
2.513000000000000000e+03,2.008131373925552225e+03
2.514000000000000000e+03,2.003209580415210667e+03
2.515000000000000000e+03,2.013078359809307585e+03
2.516000000000000000e+03,2.002592980457281101e+03
2.517000000000000000e+03,2.019029579570712940e+03
2.518000000000000000e+03,2.005893211422585864e+03
2.519000000000000000e+03,2.010053794135844555e+03
2.520000000000000000e+03,2.009739553785819908e+03
2.521000000000000000e+03,2.009616263059445146e+03
2.522000000000000000e+03,2.048895942257875049e+03
2.523000000000000000e+03,2.008080238456039524e+03
2.524000000000000000e+03,2.008102696420275606e+03
2.525000000000000000e+03,2.007933503205904344e+03
2.526000000000000000e+03,2.011415921512390014e+03
2.527000000000000000e+03,2.007760842445396293e+03
2.528000000000000000e+03,2.011797670921388999e+03
2.529000000000000000e+03,2.009037015541853634e+03
2.530000000000000000e+03,2.006904302246312682e+03
2.531000000000000000e+03,-6.436328889366639316e+01
2.532000000000000000e+03,2.018151971895512133e+03
2.533000000000000000e+03,2.008543722466935833e+03
2.534000000000000000e+03,2.006062531215403169e+03
2.535000000000000000e+03,2.004066234543243127e+03
2.536000000000000000e+03,2.007590873579362324e+03
2.537000000000000000e+03,2.004984083653355583e+03
2.538000000000000000e+03,2.032898640985586781e+03
2.539000000000000000e+03,2.009585286244657254e+03
2.540000000000000000e+03,2.007325062884612635e+03
2.541000000000000000e+03,1.986237616848998869e+03
2.542000000000000000e+03,2.015969207129095139e+03
2.543000000000000000e+03,2.001985248374374805e+03
2.544000000000000000e+03,2.006335177552874711e+03
2.545000000000000000e+03,2.010286758182024869e+03
2.546000000000000000e+03,2.023223170596862019e+03
2.547000000000000000e+03,2.010883706497131698e+03
2.548000000000000000e+03,2.008697163709454571e+03
2.549000000000000000e+03,2.007126294140580285e+03
2.550000000000000000e+03,2.008639883024370192e+03
2.551000000000000000e+03,1.970168738743869881e+03
2.552000000000000000e+03,2.006125655989005054e+03
2.553000000000000000e+03,2.007266402412944672e+03
2.554000000000000000e+03,1.999193438949593883e+03
2.555000000000000000e+03,2.008633721312641455e+03
2.556000000000000000e+03,2.002523910691643778e+03
2.557000000000000000e+03,2.005193477906016824e+03
2.558000000000000000e+03,2.001828835889543825e+03
2.559000000000000000e+03,2.014396890811812227e+03
2.560000000000000000e+03,2.003902673508003090e+03
2.561000000000000000e+03,2.004353123747909194e+03
2.562000000000000000e+03,2.010333562581889964e+03
2.563000000000000000e+03,2.005138068314020074e+03
2.564000000000000000e+03,2.010511632617514124e+03
2.565000000000000000e+03,2.002887388008644621e+03
2.566000000000000000e+03,2.010360209801776364e+03
2.567000000000000000e+03,2.005339291768535986e+03
2.568000000000000000e+03,2.015740282297036174e+03
2.569000000000000000e+03,2.012096212644715024e+03
2.570000000000000000e+03,2.005784575663118176e+03
2.571000000000000000e+03,2.016283419767253918e+03
2.572000000000000000e+03,2.006438882949576055e+03
2.573000000000000000e+03,2.006305450252544688e+03
2.574000000000000000e+03,1.998560481135195460e+03
2.575000000000000000e+03,2.010199887726357701e+03
2.576000000000000000e+03,2.004112268551559964e+03
2.577000000000000000e+03,2.020562506071442840e+03
2.578000000000000000e+03,6.642529811975720122e+00
2.579000000000000000e+03,2.004000278842772104e+03
2.580000000000000000e+03,2.003620642431697661e+03
2.581000000000000000e+03,2.006889754740422632e+03
2.582000000000000000e+03,2.006468486098415951e+03
2.583000000000000000e+03,2.008488428555711380e+03
2.584000000000000000e+03,2.020029564453993544e+03
2.585000000000000000e+03,2.007567331424608255e+03
2.586000000000000000e+03,2.014862510890256772e+03
2.587000000000000000e+03,2.013805542466777524e+03
2.588000000000000000e+03,2.016609351425068780e+03
2.589000000000000000e+03,4.494063251489432531e+00
2.590000000000000000e+03,2.013909780944995873e+03
2.591000000000000000e+03,2.004786976765477220e+03
2.592000000000000000e+03,2.007491730888063103e+03
2.593000000000000000e+03,2.018328273229563365e+03
2.594000000000000000e+03,2.005960954970997363e+03
2.595000000000000000e+03,2.005459939802276494e+03
2.596000000000000000e+03,2.009459401428640604e+03
2.597000000000000000e+03,2.004194070284142526e+03
2.598000000000000000e+03,2.015268335345104333e+03
2.599000000000000000e+03,2.006203650063786654e+03
2.600000000000000000e+03,2.005470583570268900e+03
2.601000000000000000e+03,2.002373317136885362e+03
2.602000000000000000e+03,2.002670165663149874e+03
2.603000000000000000e+03,2.033333430275748242e+03
2.604000000000000000e+03,1.464664073475611339e+01
2.605000000000000000e+03,2.008083485648960959e+03
2.606000000000000000e+03,2.017177558132621243e+03
2.607000000000000000e+03,2.004694962011009693e+03
2.608000000000000000e+03,2.013128879372377924e+03
2.609000000000000000e+03,2.005804904160221895e+03
2.610000000000000000e+03,2.008527974648042346e+03
2.611000000000000000e+03,2.007643037187354594e+03
2.612000000000000000e+03,2.004914012413828914e+03
2.613000000000000000e+03,2.004848824447615925e+03
2.614000000000000000e+03,2.011816907653079170e+03
2.615000000000000000e+03,2.007460286043332417e+03
2.616000000000000000e+03,2.012287081416139017e+03
2.617000000000000000e+03,2.010834538767394861e+03
2.618000000000000000e+03,2.010994481723228546e+03
2.619000000000000000e+03,2.008537069114468977e+03
2.620000000000000000e+03,2.006333489927148548e+03
2.621000000000000000e+03,2.002959428569118927e+03
2.622000000000000000e+03,2.009060666363952578e+03
2.623000000000000000e+03,2.008633889004868024e+03
2.624000000000000000e+03,2.003528964765228693e+03
2.625000000000000000e+03,2.003567867826674728e+03
2.626000000000000000e+03,2.006510738092461224e+03
2.627000000000000000e+03,1.889948622274575428e+03
2.628000000000000000e+03,2.010298591879561855e+03
2.629000000000000000e+03,2.007466253615972619e+03
2.630000000000000000e+03,2.007634797084174352e+03
2.631000000000000000e+03,2.010485700157391875e+03
2.632000000000000000e+03,2.007400957210781826e+03
2.633000000000000000e+03,2.007090285820458575e+03
2.634000000000000000e+03,2.006357556508017296e+03
2.635000000000000000e+03,2.025703926963269396e+03
2.636000000000000000e+03,2.004811720457533056e+03
2.637000000000000000e+03,2.004744033463106916e+03
2.638000000000000000e+03,2.007641013980791513e+03
2.639000000000000000e+03,2.009821714780634466e+03
2.640000000000000000e+03,2.009029735172610117e+03
2.641000000000000000e+03,2.002620697570136144e+03
2.642000000000000000e+03,2.010796708389297009e+03
2.643000000000000000e+03,2.011393902967296981e+03
2.644000000000000000e+03,2.004978820619867747e+03
2.645000000000000000e+03,2.008926585007085805e+03
2.646000000000000000e+03,2.006041409498047187e+03
2.647000000000000000e+03,2.005082446571785567e+03
2.648000000000000000e+03,2.014665447871458582e+03
2.649000000000000000e+03,2.006375373136628923e+03
2.650000000000000000e+03,2.004125862748915097e+03
2.651000000000000000e+03,2.006077244866183719e+03
2.652000000000000000e+03,2.011109366152257735e+03
2.653000000000000000e+03,2.005429458236919800e+03
2.654000000000000000e+03,2.008050863243152662e+03
2.655000000000000000e+03,2.005104804038212478e+03
2.656000000000000000e+03,2.010274326482180868e+03
2.657000000000000000e+03,2.007838340654009926e+03
2.658000000000000000e+03,2.007138048604660071e+03
2.659000000000000000e+03,2.008551072348253456e+03
2.660000000000000000e+03,2.011367244146055327e+03
2.661000000000000000e+03,2.010222914588007825e+03
2.662000000000000000e+03,2.006361977545886248e+03
2.663000000000000000e+03,2.028974073929111228e+03
2.664000000000000000e+03,2.005981534945939984e+03
2.665000000000000000e+03,2.003552903336467352e+03
2.666000000000000000e+03,2.002946686393285063e+03
2.667000000000000000e+03,2.010277714441213902e+03
2.668000000000000000e+03,2.018434254845979694e+03
2.669000000000000000e+03,2.006390256372850445e+03
2.670000000000000000e+03,2.012031807934808967e+03
2.671000000000000000e+03,2.019792499542059886e+03
2.672000000000000000e+03,2.010952985023213159e+03
2.673000000000000000e+03,2.019525783359431443e+03
2.674000000000000000e+03,2.009279770002397072e+03
2.675000000000000000e+03,2.005025214453206672e+03
2.676000000000000000e+03,2.012527089174694083e+03
2.677000000000000000e+03,2.004839127200227495e+03
2.678000000000000000e+03,2.006925079803567314e+03
2.679000000000000000e+03,2.007546273396482775e+03
2.680000000000000000e+03,2.009755514700948197e+03
2.681000000000000000e+03,2.005296313627701011e+03
2.682000000000000000e+03,2.008400293402763282e+03
2.683000000000000000e+03,2.007291935788823366e+03
2.684000000000000000e+03,2.006792649016912719e+03
2.685000000000000000e+03,2.015280605362983806e+03
2.686000000000000000e+03,2.053082276294378971e+03
2.687000000000000000e+03,2.007648233825189891e+03
2.688000000000000000e+03,2.006546090141149534e+03
2.689000000000000000e+03,2.011826519918105532e+03
2.690000000000000000e+03,2.007322800836258693e+03
2.691000000000000000e+03,2.003616165423371058e+03
2.692000000000000000e+03,2.003780602994835135e+03
2.693000000000000000e+03,2.008139558640543555e+03
2.694000000000000000e+03,2.006023055124131815e+03
2.695000000000000000e+03,2.010517816745581740e+03
2.696000000000000000e+03,2.011836873474757340e+03
2.697000000000000000e+03,2.008466888940193257e+03
2.698000000000000000e+03,2.004940653296943310e+03
2.699000000000000000e+03,2.006843357475657513e+03
2.700000000000000000e+03,2.021186632237373487e+03
2.701000000000000000e+03,2.016907874974369406e+03
2.702000000000000000e+03,2.010399099342795353e+03
2.703000000000000000e+03,2.011935565756766664e+03
2.704000000000000000e+03,2.004873626746327545e+03
2.705000000000000000e+03,2.004019902259090941e+03
2.706000000000000000e+03,2.008017376617224272e+03
2.707000000000000000e+03,2.002512368036073440e+03
2.708000000000000000e+03,2.009274194160549541e+03
2.709000000000000000e+03,2.015958933319831885e+03
2.710000000000000000e+03,2.016688433890109309e+03
2.711000000000000000e+03,2.004967627586474237e+03
2.712000000000000000e+03,2.004145489299235123e+03
2.713000000000000000e+03,2.007442726972091350e+03
2.714000000000000000e+03,2.003075451649934394e+03
2.715000000000000000e+03,2.008598016183360869e+03
2.716000000000000000e+03,2.016677349872718423e+03
2.717000000000000000e+03,2.011507500051227225e+03
2.718000000000000000e+03,2.006364038795572924e+03
2.719000000000000000e+03,2.012621652504542908e+03
2.720000000000000000e+03,2.006889535839083464e+03
2.721000000000000000e+03,2.005432562741545325e+03
2.722000000000000000e+03,2.006775312040405424e+03
2.723000000000000000e+03,2.006155970540835369e+03
2.724000000000000000e+03,2.013770860369013235e+03
2.725000000000000000e+03,2.010712111321298153e+03
2.726000000000000000e+03,2.009246178480342678e+03
2.727000000000000000e+03,2.014939253011892106e+03
2.728000000000000000e+03,2.010976460750299339e+03
2.729000000000000000e+03,2.012286035841867488e+03
2.730000000000000000e+03,2.003783242138217474e+03
2.731000000000000000e+03,2.007077296217206822e+03
2.732000000000000000e+03,2.004346466465511412e+03
2.733000000000000000e+03,2.011223250221631133e+03
2.734000000000000000e+03,2.009766686979540054e+03
2.735000000000000000e+03,2.007121904861884104e+03
2.736000000000000000e+03,2.008236200926895208e+03
2.737000000000000000e+03,2.008788378655962561e+03
2.738000000000000000e+03,2.017442676356631182e+03
2.739000000000000000e+03,2.009051899650130736e+03
2.740000000000000000e+03,2.014442773740142911e+03
2.741000000000000000e+03,2.004005860278752607e+03
2.742000000000000000e+03,2.010056283265068032e+03
2.743000000000000000e+03,2.016749713699292215e+03
2.744000000000000000e+03,2.004774383920542959e+03
2.745000000000000000e+03,2.005469745475302261e+03
2.746000000000000000e+03,2.008622142506435466e+03
2.747000000000000000e+03,2.005307773439924631e+03
2.748000000000000000e+03,2.004796579409084416e+03
2.749000000000000000e+03,2.008163084764591758e+03
2.750000000000000000e+03,2.014460016276261740e+03
2.751000000000000000e+03,2.005477144519029480e+03
2.752000000000000000e+03,2.007480279455855452e+03
2.753000000000000000e+03,2.009311276791715045e+03
2.754000000000000000e+03,2.015697750169159235e+03
2.755000000000000000e+03,2.012800553493397729e+03
2.756000000000000000e+03,2.010826638065709631e+03
2.757000000000000000e+03,2.012004197950603157e+03
2.758000000000000000e+03,2.003853956941462684e+03
2.759000000000000000e+03,1.991646701058436975e+03
2.760000000000000000e+03,2.008171143457854896e+03
2.761000000000000000e+03,2.005496365366830105e+03
2.762000000000000000e+03,2.005684054623301790e+03
2.763000000000000000e+03,2.008469724212373876e+03
2.764000000000000000e+03,2.010497782901047685e+03
2.765000000000000000e+03,2.003249783445681260e+03
2.766000000000000000e+03,2.001440847959979919e+03
2.767000000000000000e+03,2.008952950432476428e+03
2.768000000000000000e+03,2.004196653802066294e+03
2.769000000000000000e+03,2.006628285137085186e+03
2.770000000000000000e+03,2.007090151802673745e+03
2.771000000000000000e+03,2.006111641990945600e+03
2.772000000000000000e+03,2.005404130138430673e+03
2.773000000000000000e+03,2.009779272890355742e+03
2.774000000000000000e+03,2.002569048015832777e+03
2.775000000000000000e+03,2.006800641656616790e+03
2.776000000000000000e+03,2.008350265843250554e+03
2.777000000000000000e+03,2.011655521702087071e+03
2.778000000000000000e+03,2.009590672588597045e+03
2.779000000000000000e+03,2.008181007742422935e+03
2.780000000000000000e+03,2.009168594005468776e+03
2.781000000000000000e+03,2.400123112854117480e+01
2.782000000000000000e+03,2.013757868212878520e+03
2.783000000000000000e+03,2.021788924663746457e+03
2.784000000000000000e+03,2.018914301502251192e+03
2.785000000000000000e+03,-5.038423489975559733e+01
2.786000000000000000e+03,2.003305425020706252e+03
2.787000000000000000e+03,2.008113771938852096e+03
2.788000000000000000e+03,2.015373780400866281e+03
2.789000000000000000e+03,2.003412630933473565e+03
2.790000000000000000e+03,2.007034468494362045e+03
2.791000000000000000e+03,2.006602693646477064e+03
2.792000000000000000e+03,2.010906924761313121e+03
2.793000000000000000e+03,2.007078255253366933e+03
2.794000000000000000e+03,2.004556535495572234e+03
2.795000000000000000e+03,2.009171175720369320e+03
2.796000000000000000e+03,2.000005664049260304e+03
2.797000000000000000e+03,2.005009903624581739e+03
2.798000000000000000e+03,2.025869260953208368e+03
2.799000000000000000e+03,2.012542301613764494e+03
2.800000000000000000e+03,2.008093449243219993e+03
2.801000000000000000e+03,2.003639185555458198e+03
2.802000000000000000e+03,2.006608621404100177e+03
2.803000000000000000e+03,1.998306300345951286e+03
2.804000000000000000e+03,2.006777768655692853e+03
2.805000000000000000e+03,2.011540399911186796e+03
2.806000000000000000e+03,2.008131654677213646e+03
2.807000000000000000e+03,2.006563072355514123e+03
2.808000000000000000e+03,2.011251150696736659e+03
2.809000000000000000e+03,2.005262235031519822e+03
2.810000000000000000e+03,2.005094346154345430e+03
2.811000000000000000e+03,2.004774469036924529e+03
2.812000000000000000e+03,2.009823864203478934e+03
2.813000000000000000e+03,2.003563227308907472e+03
2.814000000000000000e+03,2.006823156994330020e+03
2.815000000000000000e+03,2.010389847786694418e+03
2.816000000000000000e+03,2.024476679055436762e+03
2.817000000000000000e+03,2.009774672457550423e+03
2.818000000000000000e+03,2.012122689147771780e+03
2.819000000000000000e+03,2.014011433856408757e+03
2.820000000000000000e+03,2.005819411839916711e+03
2.821000000000000000e+03,2.013297453910244940e+03
2.822000000000000000e+03,2.005992421162801747e+03
2.823000000000000000e+03,2.004502922401517935e+03
2.824000000000000000e+03,2.011610747573766730e+03
2.825000000000000000e+03,2.007510050573303715e+03
2.826000000000000000e+03,2.003069783555427648e+03
2.827000000000000000e+03,2.004531375217794448e+03
2.828000000000000000e+03,2.004823288738126621e+03
2.829000000000000000e+03,2.014607295730460692e+03
2.830000000000000000e+03,2.005492082335525083e+03
2.831000000000000000e+03,2.009128389313553498e+03
2.832000000000000000e+03,2.008485743970449448e+03
2.833000000000000000e+03,2.010381206780014281e+03
2.834000000000000000e+03,2.006124690979676188e+03
2.835000000000000000e+03,2.012590189774996134e+03
2.836000000000000000e+03,1.999963036995330867e+03
2.837000000000000000e+03,2.004398144577461153e+03
2.838000000000000000e+03,2.005675743094735253e+03
2.839000000000000000e+03,2.007978782586024181e+03
2.840000000000000000e+03,2.005111685441972213e+03
2.841000000000000000e+03,2.009402902353301215e+03
2.842000000000000000e+03,2.006551452249954309e+03
2.843000000000000000e+03,-1.731637378835604935e+01
2.844000000000000000e+03,2.005096428980765040e+03
2.845000000000000000e+03,2.004324256973245610e+03
2.846000000000000000e+03,2.005826690462894931e+03
2.847000000000000000e+03,2.010248050027357749e+03
2.848000000000000000e+03,2.007073933532145020e+03
2.849000000000000000e+03,2.008660081313573755e+03
2.850000000000000000e+03,2.005123288908891027e+03
2.851000000000000000e+03,2.009663313188111488e+03
2.852000000000000000e+03,2.011014613198524330e+03
2.853000000000000000e+03,2.012375767763156091e+03
2.854000000000000000e+03,2.015726093955846181e+03
2.855000000000000000e+03,2.006715770652870560e+03
2.856000000000000000e+03,2.008451212138068968e+03
2.857000000000000000e+03,2.008519839940893917e+03
2.858000000000000000e+03,2.005387490722883513e+03
2.859000000000000000e+03,2.005837854231843266e+03
2.860000000000000000e+03,2.005224010805842454e+03
2.861000000000000000e+03,2.007107355826885851e+03
2.862000000000000000e+03,2.003760322677604790e+03
2.863000000000000000e+03,2.524537471049620763e+01
2.864000000000000000e+03,2.008203477803047690e+03
2.865000000000000000e+03,2.002531509987455820e+03
2.866000000000000000e+03,2.007285157562694621e+03
2.867000000000000000e+03,2.005547422316246411e+03
2.868000000000000000e+03,2.006027363176937115e+03
2.869000000000000000e+03,2.018739131587545216e+03
2.870000000000000000e+03,1.997206856920732662e+03
2.871000000000000000e+03,2.003412929023098741e+03
2.872000000000000000e+03,2.007264216697913071e+03
2.873000000000000000e+03,2.018405530133515185e+03
2.874000000000000000e+03,2.005519569201253944e+03
2.875000000000000000e+03,2.010419540356030666e+03
2.876000000000000000e+03,2.002828275431628526e+03
2.877000000000000000e+03,2.011587450345962679e+03
2.878000000000000000e+03,2.002343952582396469e+03
2.879000000000000000e+03,2.017948155902457984e+03
2.880000000000000000e+03,2.012023672980929405e+03
2.881000000000000000e+03,2.001196870094861652e+03
2.882000000000000000e+03,2.012345388522782969e+03
2.883000000000000000e+03,2.011576319436181166e+03
2.884000000000000000e+03,2.009441417528664715e+03
2.885000000000000000e+03,2.004660915927194537e+03
2.886000000000000000e+03,2.006586880935738463e+03
2.887000000000000000e+03,2.004740515365210058e+03
2.888000000000000000e+03,2.005183753924723078e+03
2.889000000000000000e+03,1.994173281639143624e+03
2.890000000000000000e+03,2.004807681503578124e+03
2.891000000000000000e+03,2.009292966319445441e+03
2.892000000000000000e+03,2.011124699651042874e+03
2.893000000000000000e+03,2.007302580491057824e+03
2.894000000000000000e+03,2.002875477809329141e+03
2.895000000000000000e+03,2.008307803309030078e+03
2.896000000000000000e+03,2.006042196132394565e+03
2.897000000000000000e+03,2.004784354044985093e+03
2.898000000000000000e+03,2.005062069412495930e+03
2.899000000000000000e+03,2.009864540831750674e+03
2.900000000000000000e+03,2.012454354158092656e+03
2.901000000000000000e+03,2.013862413635823486e+03
2.902000000000000000e+03,2.003707504734489476e+03
2.903000000000000000e+03,2.006516711268066501e+03
2.904000000000000000e+03,2.009787580898884471e+03
2.905000000000000000e+03,2.007953877108606321e+03
2.906000000000000000e+03,2.008073135150175858e+03
2.907000000000000000e+03,2.006456517896218429e+03
2.908000000000000000e+03,2.009585053404435712e+03
2.909000000000000000e+03,2.021863812309799641e+03
2.910000000000000000e+03,1.993493491257210053e+03
2.911000000000000000e+03,2.007958775315576077e+03
2.912000000000000000e+03,2.016976137946752033e+03
2.913000000000000000e+03,2.007982057648337104e+03
2.914000000000000000e+03,2.008309986471171442e+03
2.915000000000000000e+03,2.001937891477944731e+03
2.916000000000000000e+03,2.003634480813504524e+03
2.917000000000000000e+03,2.008240564344133645e+03
2.918000000000000000e+03,2.007172549749724567e+03
2.919000000000000000e+03,2.004928411652173054e+03
2.920000000000000000e+03,2.000816583237869281e+03
2.921000000000000000e+03,2.006225349412982041e+03
2.922000000000000000e+03,2.004670798297579722e+03
2.923000000000000000e+03,2.012660780812077519e+03
2.924000000000000000e+03,2.008959601535189904e+03
2.925000000000000000e+03,2.014147653415024479e+03
2.926000000000000000e+03,2.009491111913378973e+03
2.927000000000000000e+03,2.013895370744191951e+03
2.928000000000000000e+03,2.009310229076242194e+03
2.929000000000000000e+03,2.009986209287540078e+03
2.930000000000000000e+03,2.003009879135376423e+03
2.931000000000000000e+03,2.009050641949115061e+03
2.932000000000000000e+03,2.011548366128925409e+03
2.933000000000000000e+03,2.001695368408950571e+03
2.934000000000000000e+03,2.009757456301616457e+03
2.935000000000000000e+03,2.023920326158162425e+03
2.936000000000000000e+03,2.003622798597947849e+03
2.937000000000000000e+03,2.008544689360449865e+03
2.938000000000000000e+03,2.003662129179885824e+03
2.939000000000000000e+03,2.002019868590687338e+03
2.940000000000000000e+03,2.012613314564983284e+03
2.941000000000000000e+03,2.003650117992925288e+03
2.942000000000000000e+03,2.006352480781375789e+03
2.943000000000000000e+03,2.008944827791159469e+03
2.944000000000000000e+03,2.009629139643081771e+03
2.945000000000000000e+03,2.008149446602817079e+03
2.946000000000000000e+03,2.002879088167270083e+03
2.947000000000000000e+03,2.005452520032072016e+03
2.948000000000000000e+03,2.009898168240244331e+03
2.949000000000000000e+03,2.008234314684850915e+03
2.950000000000000000e+03,2.008733385423889786e+03
2.951000000000000000e+03,1.995859157352518423e+03
2.952000000000000000e+03,2.004007424419006611e+03
2.953000000000000000e+03,2.012766462741832584e+03
2.954000000000000000e+03,2.003480447372644903e+03
2.955000000000000000e+03,2.006848793768669111e+03
2.956000000000000000e+03,2.003059071298709569e+03
2.957000000000000000e+03,2.006652880274605195e+03
2.958000000000000000e+03,2.006016336275380809e+03
2.959000000000000000e+03,2.001891947594589510e+03
2.960000000000000000e+03,2.001885504894733003e+03
2.961000000000000000e+03,2.006657252831712185e+03
2.962000000000000000e+03,2.004015959399715939e+03
2.963000000000000000e+03,2.006324798908443427e+03
2.964000000000000000e+03,2.003419374000890457e+03
2.965000000000000000e+03,2.004329967729010605e+03
2.966000000000000000e+03,2.007891420143055939e+03
2.967000000000000000e+03,2.000449987690197759e+03
2.968000000000000000e+03,2.010464856147847740e+03
2.969000000000000000e+03,2.015534224000252379e+03
2.970000000000000000e+03,2.009661901398093050e+03
2.971000000000000000e+03,2.007317647426731810e+03
2.972000000000000000e+03,2.006253740338001307e+03
2.973000000000000000e+03,2.014608683267626702e+03
2.974000000000000000e+03,2.003561884674577641e+03
2.975000000000000000e+03,2.009620360610877015e+03
2.976000000000000000e+03,2.006199057504467191e+03
2.977000000000000000e+03,2.010325771031102477e+03
2.978000000000000000e+03,2.006815395260366813e+03
2.979000000000000000e+03,2.007422864985519254e+03
2.980000000000000000e+03,2.019240686521684211e+03
2.981000000000000000e+03,2.007436063963984907e+03
2.982000000000000000e+03,2.008547494034479541e+03
2.983000000000000000e+03,2.005785100331255535e+03
2.984000000000000000e+03,2.011748863182320292e+03
2.985000000000000000e+03,2.012858968324276248e+03
2.986000000000000000e+03,2.012576972916787099e+03
2.987000000000000000e+03,2.015616411837426085e+03
2.988000000000000000e+03,2.012761203922047116e+03
2.989000000000000000e+03,2.013968915449706628e+03
2.990000000000000000e+03,2.023240936576807826e+03
2.991000000000000000e+03,2.004351948887602475e+03
2.992000000000000000e+03,2.005969769309525418e+03
2.993000000000000000e+03,2.005238425374555391e+03
2.994000000000000000e+03,2.003748641134986656e+03
2.995000000000000000e+03,2.006957484957182032e+03
2.996000000000000000e+03,2.014010667798103668e+03
2.997000000000000000e+03,2.012747479451336858e+03
2.998000000000000000e+03,2.007813112771741999e+03
2.999000000000000000e+03,2.007377906301481289e+03
3.000000000000000000e+03,2.006956812365918495e+03
